PERSON_ID,DISPLAY_FIRST_LAST,BIRTHDATE,JERSEY,TEAM_NAME,POSITION,DRAFT_NUMBER,TEAM_CONFERENCE,HEADSHOT
1630173,Precious Achiuwa,1999-09-19T00:00:00,5,Knicks,Forward,20,East,https://ak-static.cms.nba.com/wp-content/uploads/headshots/nba/latest/260x190/1630173.png
203500,Steven Adams,1993-07-20T00:00:00,12,Rockets,Center,12,West,https://ak-static.cms.nba.com/wp-content/uploads/headshots/nba/latest/260x190/203500.png
1628389,Bam Adebayo,1997-07-18T00:00:00,13,Heat,Center-Forward,14,East,https://ak-static.cms.nba.com/wp-content/uploads/headshots/nba/latest/260x190/1628389.png
1630534,Ochai Agbaji,2000-04-20T00:00:00,30,Raptors,Guard,14,East,https://ak-static.cms.nba.com/wp-content/uploads/headshots/nba/latest/260x190/1630534.png
1630583,Santi Aldama,2001-01-10T00:00:00,7,Grizzlies,Forward-Center,30,West,https://ak-static.cms.nba.com/wp-content/uploads/headshots/nba/latest/260x190/1630583.png
1641725,Trey Alexander,2003-05-02T00:00:00,23,Nuggets,Guard,Undrafted,West,https://ak-static.cms.nba.com/wp-content/uploads/headshots/nba/latest/260x190/1641725.png
1629638,Nickeil Alexander-Walker,1998-09-02T00:00:00,9,Timberwolves,Guard,17,West,https://ak-static.cms.nba.com/wp-content/uploads/headshots/nba/latest/260x190/1629638.png
1628960,Grayson Allen,1995-10-08T00:00:00,8,Suns,Guard,21,West,https://ak-static.cms.nba.com/wp-content/uploads/headshots/nba/latest/260x190/1628960.png
1628386,Jarrett Allen,1998-04-21T00:00:00,31,Cavaliers,Center,22,East,https://ak-static.cms.nba.com/wp-content/uploads/headshots/nba/latest/260x190/1628386.png
1630631,Jose Alvarado,1998-04-12T00:00:00,15,Pelicans,Guard,Undrafted,West,https://ak-static.cms.nba.com/wp-content/uploads/headshots/nba/latest/260x190/1630631.png
203937,Kyle Anderson,1993-09-20T00:00:00,20,Heat,Forward-Guard,30,East,https://ak-static.cms.nba.com/wp-content/uploads/headshots/nba/latest/260x190/203937.png
203507,Giannis Antetokounmpo,1994-12-06T00:00:00,34,Bucks,Forward,15,East,https://ak-static.cms.nba.com/wp-content/uploads/headshots/nba/latest/260x190/203507.png
1630175,Cole Anthony,2000-05-15T00:00:00,50,Magic,Guard,15,East,https://ak-static.cms.nba.com/wp-content/uploads/headshots/nba/latest/260x190/1630175.png
1628384,OG Anunoby,1997-07-17T00:00:00,8,Knicks,Forward-Guard,23,East,https://ak-static.cms.nba.com/wp-content/uploads/headshots/nba/latest/260x190/1628384.png
1642379,Taran Armstrong,2002-01-15T00:00:00,1,Warriors,Guard,Undrafted,West,https://ak-static.cms.nba.com/wp-content/uploads/headshots/nba/latest/260x190/1642379.png
1630166,Deni Avdija,2001-01-03T00:00:00,8,Trail Blazers,Forward,9,West,https://ak-static.cms.nba.com/wp-content/uploads/headshots/nba/latest/260x190/1630166.png
1629028,Deandre Ayton,1998-07-23T00:00:00,2,Trail Blazers,Center,1,West,https://ak-static.cms.nba.com/wp-content/uploads/headshots/nba/latest/260x190/1629028.png
1630542,Marcus Bagley,2001-10-23T00:00:00,38,76ers,Forward,Undrafted,East,https://ak-static.cms.nba.com/wp-content/uploads/headshots/nba/latest/260x190/1630542.png
1628963,Marvin Bagley III,1999-03-14T00:00:00,35,Grizzlies,Forward,2,West,https://ak-static.cms.nba.com/wp-content/uploads/headshots/nba/latest/260x190/1628963.png
1631116,Patrick Baldwin Jr.,2002-11-18T00:00:00,23,Clippers,Forward,28,West,https://ak-static.cms.nba.com/wp-content/uploads/headshots/nba/latest/260x190/1631116.png
1630163,LaMelo Ball,2001-08-22T00:00:00,1,Hornets,Guard,3,East,https://ak-static.cms.nba.com/wp-content/uploads/headshots/nba/latest/260x190/1630163.png
1628366,Lonzo Ball,1997-10-27T00:00:00,2,Bulls,Guard,2,East,https://ak-static.cms.nba.com/wp-content/uploads/headshots/nba/latest/260x190/1628366.png
1628964,Mo Bamba,1998-05-12T00:00:00,,,Center,6,,https://ak-static.cms.nba.com/wp-content/uploads/headshots/nba/latest/260x190/1628964.png
1631094,Paolo Banchero,2002-11-12T00:00:00,5,Magic,Forward,1,East,https://ak-static.cms.nba.com/wp-content/uploads/headshots/nba/latest/260x190/1631094.png
1630217,Desmond Bane,1998-06-25T00:00:00,22,Grizzlies,Guard,30,West,https://ak-static.cms.nba.com/wp-content/uploads/headshots/nba/latest/260x190/1630217.png
1630625,Dalano Banton,1999-11-07T00:00:00,5,Trail Blazers,Forward,46,West,https://ak-static.cms.nba.com/wp-content/uploads/headshots/nba/latest/260x190/1630625.png
1631230,Dominick Barlow,2003-05-26T00:00:00,26,Hawks,Forward,Undrafted,East,https://ak-static.cms.nba.com/wp-content/uploads/headshots/nba/latest/260x190/1631230.png
203084,Harrison Barnes,1992-05-30T00:00:00,40,Spurs,Forward,7,West,https://ak-static.cms.nba.com/wp-content/uploads/headshots/nba/latest/260x190/203084.png
1630567,Scottie Barnes,2001-08-01T00:00:00,4,Raptors,Forward-Guard,4,East,https://ak-static.cms.nba.com/wp-content/uploads/headshots/nba/latest/260x190/1630567.png
1629628,RJ Barrett,2000-06-14T00:00:00,9,Raptors,Forward-Guard,3,East,https://ak-static.cms.nba.com/wp-content/uploads/headshots/nba/latest/260x190/1629628.png
1629646,Charles Bassey,2000-10-28T00:00:00,28,Spurs,Center-Forward,53,West,https://ak-static.cms.nba.com/wp-content/uploads/headshots/nba/latest/260x190/1629646.png
1641734,Emoni Bates,2004-01-28T00:00:00,21,Cavaliers,Forward,49,East,https://ak-static.cms.nba.com/wp-content/uploads/headshots/nba/latest/260x190/1641734.png
1642419,Jamison Battle,2001-05-10T00:00:00,77,Raptors,Forward,Undrafted,East,https://ak-static.cms.nba.com/wp-content/uploads/headshots/nba/latest/260x190/1642419.png
201587,Nicolas Batum,1988-12-14T00:00:00,33,Clippers,Guard-Forward,25,West,https://ak-static.cms.nba.com/wp-content/uploads/headshots/nba/latest/260x190/201587.png
1641878,Damion Baugh,2000-08-03T00:00:00,7,Hornets,Guard,Undrafted,East,https://ak-static.cms.nba.com/wp-content/uploads/headshots/nba/latest/260x190/1641878.png
203078,Bradley Beal,1993-06-28T00:00:00,3,Suns,Guard,3,West,https://ak-static.cms.nba.com/wp-content/uploads/headshots/nba/latest/260x190/203078.png
1627736,Malik Beasley,1996-11-26T00:00:00,5,Pistons,Guard,19,East,https://ak-static.cms.nba.com/wp-content/uploads/headshots/nba/latest/260x190/1627736.png
1630699,MarJon Beauchamp,2000-10-12T00:00:00,0,Knicks,Forward,24,East,https://ak-static.cms.nba.com/wp-content/uploads/headshots/nba/latest/260x190/1630699.png
1641736,Reece Beekman,2001-10-08T00:00:00,4,Nets,Guard,Undrafted,East,https://ak-static.cms.nba.com/wp-content/uploads/headshots/nba/latest/260x190/1641736.png
1630180,Saddiq Bey,1999-04-09T00:00:00,14,Wizards,Guard-Forward,19,East,https://ak-static.cms.nba.com/wp-content/uploads/headshots/nba/latest/260x190/1630180.png
1629048,Goga Bitadze,1999-07-20T00:00:00,35,Magic,Center-Forward,18,East,https://ak-static.cms.nba.com/wp-content/uploads/headshots/nba/latest/260x190/1629048.png
202687,Bismack Biyombo,1992-08-28T00:00:00,15,Spurs,Center,7,West,https://ak-static.cms.nba.com/wp-content/uploads/headshots/nba/latest/260x190/202687.png
1641710,Anthony Black,2004-01-20T00:00:00,0,Magic,Guard,6,East,https://ak-static.cms.nba.com/wp-content/uploads/headshots/nba/latest/260x190/1641710.png
203992,Bogdan Bogdanović,1992-08-18T00:00:00,10,Clippers,Guard,27,West,https://ak-static.cms.nba.com/wp-content/uploads/headshots/nba/latest/260x190/203992.png
1629626,Bol Bol,1999-11-16T00:00:00,11,Suns,Center-Forward,44,West,https://ak-static.cms.nba.com/wp-content/uploads/headshots/nba/latest/260x190/1629626.png
1641737,Adem Bona,2003-03-28T00:00:00,30,76ers,Forward,41,East,https://ak-static.cms.nba.com/wp-content/uploads/headshots/nba/latest/260x190/1641737.png
1626164,Devin Booker,1996-10-30T00:00:00,1,Suns,Guard,13,West,https://ak-static.cms.nba.com/wp-content/uploads/headshots/nba/latest/260x190/1626164.png
1630527,Brandon Boston,2001-11-28T00:00:00,11,Pelicans,Guard,51,West,https://ak-static.cms.nba.com/wp-content/uploads/headshots/nba/latest/260x190/1630527.png
1628449,Chris Boucher,1993-01-11T00:00:00,25,Raptors,Forward,Undrafted,East,https://ak-static.cms.nba.com/wp-content/uploads/headshots/nba/latest/260x190/1628449.png
1631123,Jamaree Bouyea,1999-06-27T00:00:00,15,Bucks,Guard,Undrafted,East,https://ak-static.cms.nba.com/wp-content/uploads/headshots/nba/latest/260x190/1631123.png
1628396,Tony Bradley,1998-01-08T00:00:00,13,Pacers,Center-Forward,28,East,https://ak-static.cms.nba.com/wp-content/uploads/headshots/nba/latest/260x190/1628396.png
1631103,Malaki Branham,2003-05-12T00:00:00,22,Spurs,Forward,20,West,https://ak-static.cms.nba.com/wp-content/uploads/headshots/nba/latest/260x190/1631103.png
1631128,Christian Braun,2001-04-17T00:00:00,0,Nuggets,Guard,21,West,https://ak-static.cms.nba.com/wp-content/uploads/headshots/nba/latest/260x190/1631128.png
1641779,Jalen Bridges,2001-05-14T00:00:00,15,Suns,Forward,Undrafted,West,https://ak-static.cms.nba.com/wp-content/uploads/headshots/nba/latest/260x190/1641779.png
1628969,Mikal Bridges,1996-08-30T00:00:00,25,Knicks,Guard-Forward,10,East,https://ak-static.cms.nba.com/wp-content/uploads/headshots/nba/latest/260x190/1628969.png
1628970,Miles Bridges,1998-03-21T00:00:00,0,Hornets,Forward,12,East,https://ak-static.cms.nba.com/wp-content/uploads/headshots/nba/latest/260x190/1628970.png
1629052,Oshae Brissett,1998-06-20T00:00:00,,,Forward-Guard,Undrafted,,https://ak-static.cms.nba.com/wp-content/uploads/headshots/nba/latest/260x190/1629052.png
1627763,Malcolm Brogdon,1992-12-11T00:00:00,15,Wizards,Guard,36,East,https://ak-static.cms.nba.com/wp-content/uploads/headshots/nba/latest/260x190/1627763.png
1628415,Dillon Brooks,1996-01-22T00:00:00,9,Rockets,Guard-Forward,45,West,https://ak-static.cms.nba.com/wp-content/uploads/headshots/nba/latest/260x190/1628415.png
1631232,Keion Brooks Jr.,2000-08-07T00:00:00,,Pelicans,Forward,Undrafted,West,https://ak-static.cms.nba.com/wp-content/uploads/headshots/nba/latest/260x190/1631232.png
1628971,Bruce Brown,1996-08-15T00:00:00,00,Pelicans,Guard-Forward,42,West,https://ak-static.cms.nba.com/wp-content/uploads/headshots/nba/latest/260x190/1628971.png
1627759,Jaylen Brown,1996-10-24T00:00:00,7,Celtics,Guard-Forward,3,East,https://ak-static.cms.nba.com/wp-content/uploads/headshots/nba/latest/260x190/1627759.png
1641738,Kobe Brown,2000-01-01T00:00:00,21,Clippers,Forward,30,West,https://ak-static.cms.nba.com/wp-content/uploads/headshots/nba/latest/260x190/1641738.png
1629650,Moses Brown,1999-10-13T00:00:00,,,Center,Undrafted,,https://ak-static.cms.nba.com/wp-content/uploads/headshots/nba/latest/260x190/1629650.png
1628973,Jalen Brunson,1996-08-31T00:00:00,11,Knicks,Guard,33,East,https://ak-static.cms.nba.com/wp-content/uploads/headshots/nba/latest/260x190/1628973.png
1628418,Thomas Bryant,1997-07-31T00:00:00,3,Pacers,Center-Forward,42,East,https://ak-static.cms.nba.com/wp-content/uploads/headshots/nba/latest/260x190/1628418.png
1641723,Kobe Bufkin,2003-09-21T00:00:00,4,Hawks,Guard,15,East,https://ak-static.cms.nba.com/wp-content/uploads/headshots/nba/latest/260x190/1641723.png
202692,Alec Burks,1991-07-20T00:00:00,18,Heat,Guard,12,East,https://ak-static.cms.nba.com/wp-content/uploads/headshots/nba/latest/260x190/202692.png
1630215,Jared Butler,2000-08-25T00:00:00,12,76ers,Guard,40,East,https://ak-static.cms.nba.com/wp-content/uploads/headshots/nba/latest/260x190/1630215.png
202710,Jimmy Butler III,1989-09-14T00:00:00,10,Warriors,Forward,30,West,https://ak-static.cms.nba.com/wp-content/uploads/headshots/nba/latest/260x190/202710.png
1641824,Matas Buzelis,2004-10-13T00:00:00,14,Bulls,Forward,11,East,https://ak-static.cms.nba.com/wp-content/uploads/headshots/nba/latest/260x190/1641824.png
1631288,Jamal Cain,1999-03-20T00:00:00,8,Pelicans,Forward,Undrafted,West,https://ak-static.cms.nba.com/wp-content/uploads/headshots/nba/latest/260x190/1631288.png
203484,Kentavious Caldwell-Pope,1993-02-18T00:00:00,3,Magic,Guard,8,East,https://ak-static.cms.nba.com/wp-content/uploads/headshots/nba/latest/260x190/203484.png
1641739,Toumani Camara,2000-05-08T00:00:00,33,Trail Blazers,Forward,52,West,https://ak-static.cms.nba.com/wp-content/uploads/headshots/nba/latest/260x190/1641739.png
203991,Clint Capela,1994-05-18T00:00:00,15,Hawks,Center,25,East,https://ak-static.cms.nba.com/wp-content/uploads/headshots/nba/latest/260x190/203991.png
1642382,Branden Carlson,1999-06-14T00:00:00,15,Thunder,Center,Undrafted,West,https://ak-static.cms.nba.com/wp-content/uploads/headshots/nba/latest/260x190/1642382.png
1642267,Bub Carrington,2005-07-21T00:00:00,8,Wizards,Guard,14,East,https://ak-static.cms.nba.com/wp-content/uploads/headshots/nba/latest/260x190/1642267.png
1642269,Devin Carter,2002-03-18T00:00:00,22,Kings,Guard,13,West,https://ak-static.cms.nba.com/wp-content/uploads/headshots/nba/latest/260x190/1642269.png
1628975,Jevon Carter,1995-09-14T00:00:00,5,Bulls,Guard,32,East,https://ak-static.cms.nba.com/wp-content/uploads/headshots/nba/latest/260x190/1628975.png
1628976,Wendell Carter Jr.,1999-04-16T00:00:00,34,Magic,Center-Forward,7,East,https://ak-static.cms.nba.com/wp-content/uploads/headshots/nba/latest/260x190/1628976.png
1630618,D.J. Carton,2000-08-05T00:00:00,,,Guard,Undrafted,,https://ak-static.cms.nba.com/wp-content/uploads/headshots/nba/latest/260x190/1630618.png
1627936,Alex Caruso,1994-02-28T00:00:00,9,Thunder,Guard,Undrafted,West,https://ak-static.cms.nba.com/wp-content/uploads/headshots/nba/latest/260x190/1627936.png
1642264,Stephon Castle,2004-11-01T00:00:00,5,Spurs,Guard,4,West,https://ak-static.cms.nba.com/wp-content/uploads/headshots/nba/latest/260x190/1642264.png
1630658,Colin Castleton,2000-05-25T00:00:00,11,76ers,Center,Undrafted,East,https://ak-static.cms.nba.com/wp-content/uploads/headshots/nba/latest/260x190/1630658.png
1630577,Julian Champagnie,2001-06-29T00:00:00,30,Spurs,Forward,Undrafted,West,https://ak-static.cms.nba.com/wp-content/uploads/headshots/nba/latest/260x190/1630577.png
1630551,Justin Champagnie,2001-06-29T00:00:00,9,Wizards,Guard-Forward,Undrafted,East,https://ak-static.cms.nba.com/wp-content/uploads/headshots/nba/latest/260x190/1630551.png
1642279,Ulrich Chomche,2005-12-30T00:00:00,22,Raptors,Center,57,East,https://ak-static.cms.nba.com/wp-content/uploads/headshots/nba/latest/260x190/1642279.png
1642353,Cam Christie,2005-07-24T00:00:00,12,Clippers,Guard,46,West,https://ak-static.cms.nba.com/wp-content/uploads/headshots/nba/latest/260x190/1642353.png
1631108,Max Christie,2003-02-10T00:00:00,00,Mavericks,Guard,35,West,https://ak-static.cms.nba.com/wp-content/uploads/headshots/nba/latest/260x190/1631108.png
1630528,Josh Christopher,2001-12-08T00:00:00,8,Heat,Guard,24,East,https://ak-static.cms.nba.com/wp-content/uploads/headshots/nba/latest/260x190/1630528.png
1631321,Sidy Cissoko,2004-04-02T00:00:00,25,Trail Blazers,Guard,44,West,https://ak-static.cms.nba.com/wp-content/uploads/headshots/nba/latest/260x190/1631321.png
1641740,Jaylen Clark,2001-10-13T00:00:00,22,Timberwolves,Guard,53,West,https://ak-static.cms.nba.com/wp-content/uploads/headshots/nba/latest/260x190/1641740.png
1629634,Brandon Clarke,1996-09-19T00:00:00,15,Grizzlies,Forward,21,West,https://ak-static.cms.nba.com/wp-content/uploads/headshots/nba/latest/260x190/1629634.png
203903,Jordan Clarkson,1992-06-07T00:00:00,00,Jazz,Guard,46,West,https://ak-static.cms.nba.com/wp-content/uploads/headshots/nba/latest/260x190/203903.png
1629651,Nic Claxton,1999-04-17T00:00:00,33,Nets,Center,31,East,https://ak-static.cms.nba.com/wp-content/uploads/headshots/nba/latest/260x190/1629651.png
1642270,Donovan Clingan,2004-02-23T00:00:00,23,Trail Blazers,Center,7,West,https://ak-static.cms.nba.com/wp-content/uploads/headshots/nba/latest/260x190/1642270.png
1641730,Noah Clowney,2004-07-14T00:00:00,21,Nets,Forward-Center,21,East,https://ak-static.cms.nba.com/wp-content/uploads/headshots/nba/latest/260x190/1641730.png
1629599,Amir Coffey,1997-06-17T00:00:00,7,Clippers,Guard-Forward,Undrafted,West,https://ak-static.cms.nba.com/wp-content/uploads/headshots/nba/latest/260x190/1629599.png
1642268,Isaiah Collier,2004-10-08T00:00:00,13,Jazz,Guard,29,West,https://ak-static.cms.nba.com/wp-content/uploads/headshots/nba/latest/260x190/1642268.png
1628381,John Collins,1997-09-23T00:00:00,20,Jazz,Forward-Center,19,West,https://ak-static.cms.nba.com/wp-content/uploads/headshots/nba/latest/260x190/1628381.png
1641879,Yuri Collins,2001-03-07T00:00:00,,,Guard,Undrafted,,https://ak-static.cms.nba.com/wp-content/uploads/headshots/nba/latest/260x190/1641879.png
1628380,Zach Collins,1997-11-19T00:00:00,12,Bulls,Forward-Center,10,East,https://ak-static.cms.nba.com/wp-content/uploads/headshots/nba/latest/260x190/1628380.png
201144,Mike Conley,1987-10-11T00:00:00,10,Timberwolves,Guard,4,West,https://ak-static.cms.nba.com/wp-content/uploads/headshots/nba/latest/260x190/201144.png
1626192,Pat Connaughton,1993-01-06T00:00:00,24,Bucks,Guard,41,East,https://ak-static.cms.nba.com/wp-content/uploads/headshots/nba/latest/260x190/1626192.png
1641731,Bilal Coulibaly,2004-07-26T00:00:00,0,Wizards,Guard,7,East,https://ak-static.cms.nba.com/wp-content/uploads/headshots/nba/latest/260x190/1641731.png
1641741,Ricky Council IV,2001-08-03T00:00:00,14,76ers,Guard,Undrafted,East,https://ak-static.cms.nba.com/wp-content/uploads/headshots/nba/latest/260x190/1641741.png
1628470,Torrey Craig,1990-12-19T00:00:00,12,Celtics,Forward,Undrafted,East,https://ak-static.cms.nba.com/wp-content/uploads/headshots/nba/latest/260x190/1628470.png
1642384,Isaiah Crawford,2001-11-01T00:00:00,24,Kings,Forward,Undrafted,West,https://ak-static.cms.nba.com/wp-content/uploads/headshots/nba/latest/260x190/1642384.png
203109,Jae Crowder,1990-07-06T00:00:00,99,Kings,Forward,34,West,https://ak-static.cms.nba.com/wp-content/uploads/headshots/nba/latest/260x190/203109.png
1630595,Cade Cunningham,2001-09-25T00:00:00,2,Pistons,Guard,1,East,https://ak-static.cms.nba.com/wp-content/uploads/headshots/nba/latest/260x190/1630595.png
203552,Seth Curry,1990-08-23T00:00:00,30,Hornets,Guard,Undrafted,East,https://ak-static.cms.nba.com/wp-content/uploads/headshots/nba/latest/260x190/203552.png
201939,Stephen Curry,1988-03-14T00:00:00,30,Warriors,Guard,7,West,https://ak-static.cms.nba.com/wp-content/uploads/headshots/nba/latest/260x190/201939.png
1642359,Pacôme Dadiet,2005-07-27T00:00:00,4,Knicks,Forward,25,East,https://ak-static.cms.nba.com/wp-content/uploads/headshots/nba/latest/260x190/1642359.png
1630700,Dyson Daniels,2003-03-17T00:00:00,5,Hawks,Guard,8,East,https://ak-static.cms.nba.com/wp-content/uploads/headshots/nba/latest/260x190/1630700.png
1642368,N'Faly Dante,2001-10-19T00:00:00,3,Rockets,Center,Undrafted,West,https://ak-static.cms.nba.com/wp-content/uploads/headshots/nba/latest/260x190/1642368.png
203076,Anthony Davis,1993-03-11T00:00:00,3,Mavericks,Forward-Center,1,West,https://ak-static.cms.nba.com/wp-content/uploads/headshots/nba/latest/260x190/203076.png
1631098,Johnny Davis,2002-02-27T00:00:00,,,Guard,10,,https://ak-static.cms.nba.com/wp-content/uploads/headshots/nba/latest/260x190/1631098.png
1629056,Terence Davis,1997-05-16T00:00:00,3,Kings,Guard,Undrafted,West,https://ak-static.cms.nba.com/wp-content/uploads/headshots/nba/latest/260x190/1629056.png
1631120,JD Davison,2002-10-03T00:00:00,20,Celtics,Guard,53,East,https://ak-static.cms.nba.com/wp-content/uploads/headshots/nba/latest/260x190/1631120.png
201942,DeMar DeRozan,1989-08-07T00:00:00,10,Kings,Guard-Forward,9,West,https://ak-static.cms.nba.com/wp-content/uploads/headshots/nba/latest/260x190/201942.png
1642484,RayJ Dennis,2001-03-30T00:00:00,10,Pacers,Guard,Undrafted,East,https://ak-static.cms.nba.com/wp-content/uploads/headshots/nba/latest/260x190/1642484.png
1628978,Donte DiVincenzo,1997-01-31T00:00:00,0,Timberwolves,Guard,17,West,https://ak-static.cms.nba.com/wp-content/uploads/headshots/nba/latest/260x190/1628978.png
1631217,Moussa Diabaté,2002-01-21T00:00:00,14,Hornets,Forward,43,East,https://ak-static.cms.nba.com/wp-content/uploads/headshots/nba/latest/260x190/1631217.png
1641711,Gradey Dick,2003-11-20T00:00:00,1,Raptors,Guard-Forward,13,East,https://ak-static.cms.nba.com/wp-content/uploads/headshots/nba/latest/260x190/1641711.png
1631172,Ousmane Dieng,2003-05-21T00:00:00,13,Thunder,Forward,11,West,https://ak-static.cms.nba.com/wp-content/uploads/headshots/nba/latest/260x190/1631172.png
1642265,Rob Dillingham,2005-01-04T00:00:00,4,Timberwolves,Guard,8,West,https://ak-static.cms.nba.com/wp-content/uploads/headshots/nba/latest/260x190/1642265.png
203915,Spencer Dinwiddie,1993-04-06T00:00:00,26,Mavericks,Guard,38,West,https://ak-static.cms.nba.com/wp-content/uploads/headshots/nba/latest/260x190/203915.png
1629029,Luka Dončić,1999-02-28T00:00:00,77,Lakers,Forward-Guard,3,West,https://ak-static.cms.nba.com/wp-content/uploads/headshots/nba/latest/260x190/1629029.png
1629652,Luguentz Dort,1999-04-19T00:00:00,5,Thunder,Guard,Undrafted,West,https://ak-static.cms.nba.com/wp-content/uploads/headshots/nba/latest/260x190/1629652.png
1630245,Ayo Dosunmu,2000-01-17T00:00:00,11,Bulls,Guard,38,East,https://ak-static.cms.nba.com/wp-content/uploads/headshots/nba/latest/260x190/1630245.png
1630288,Jeff Dowtin Jr.,1997-05-10T00:00:00,11,76ers,Guard,Undrafted,East,https://ak-static.cms.nba.com/wp-content/uploads/headshots/nba/latest/260x190/1630288.png
1628408,PJ Dozier,1996-10-25T00:00:00,,,Guard-Forward,Undrafted,,https://ak-static.cms.nba.com/wp-content/uploads/headshots/nba/latest/260x190/1628408.png
203083,Andre Drummond,1993-08-10T00:00:00,1,76ers,Center,9,East,https://ak-static.cms.nba.com/wp-content/uploads/headshots/nba/latest/260x190/203083.png
1630537,Chris Duarte,1997-06-13T00:00:00,,,Guard,13,,https://ak-static.cms.nba.com/wp-content/uploads/headshots/nba/latest/260x190/1630537.png
1642505,Alex Ducas,2000-12-11T00:00:00,88,Thunder,Guard,Undrafted,West,https://ak-static.cms.nba.com/wp-content/uploads/headshots/nba/latest/260x190/1642505.png
1630561,David Duke Jr.,1999-10-13T00:00:00,7,Spurs,Guard,Undrafted,West,https://ak-static.cms.nba.com/wp-content/uploads/headshots/nba/latest/260x190/1630561.png
1627739,Kris Dunn,1994-03-18T00:00:00,8,Clippers,Guard,5,West,https://ak-static.cms.nba.com/wp-content/uploads/headshots/nba/latest/260x190/1627739.png
1642346,Ryan Dunn,2003-01-07T00:00:00,0,Suns,Forward,28,West,https://ak-static.cms.nba.com/wp-content/uploads/headshots/nba/latest/260x190/1642346.png
201142,Kevin Durant,1988-09-29T00:00:00,35,Suns,Forward,2,West,https://ak-static.cms.nba.com/wp-content/uploads/headshots/nba/latest/260x190/201142.png
1631105,Jalen Duren,2003-11-18T00:00:00,0,Pistons,Center,13,East,https://ak-static.cms.nba.com/wp-content/uploads/headshots/nba/latest/260x190/1631105.png
1631106,Tari Eason,2001-05-10T00:00:00,17,Rockets,Forward,17,West,https://ak-static.cms.nba.com/wp-content/uploads/headshots/nba/latest/260x190/1631106.png
1641744,Zach Edey,2002-05-14T00:00:00,14,Grizzlies,Center,9,West,https://ak-static.cms.nba.com/wp-content/uploads/headshots/nba/latest/260x190/1641744.png
1630162,Anthony Edwards,2001-08-05T00:00:00,5,Timberwolves,Guard,1,West,https://ak-static.cms.nba.com/wp-content/uploads/headshots/nba/latest/260x190/1630162.png
1642399,Jesse Edwards,2000-03-18T00:00:00,14,Timberwolves,Center,Undrafted,West,https://ak-static.cms.nba.com/wp-content/uploads/headshots/nba/latest/260x190/1642399.png
1642348,Justin Edwards,2003-12-16T00:00:00,19,76ers,Forward,Undrafted,East,https://ak-static.cms.nba.com/wp-content/uploads/headshots/nba/latest/260x190/1642348.png
1630556,Kessler Edwards,2000-08-09T00:00:00,20,Mavericks,Forward,44,West,https://ak-static.cms.nba.com/wp-content/uploads/headshots/nba/latest/260x190/1630556.png
1631165,Keon Ellis,2000-01-08T00:00:00,23,Kings,Guard,Undrafted,West,https://ak-static.cms.nba.com/wp-content/uploads/headshots/nba/latest/260x190/1631165.png
203954,Joel Embiid,1994-03-16T00:00:00,21,76ers,Center-Forward,3,East,https://ak-static.cms.nba.com/wp-content/uploads/headshots/nba/latest/260x190/203954.png
1630623,Tyson Etienne,1999-09-17T00:00:00,10,Nets,Guard,Undrafted,East,https://ak-static.cms.nba.com/wp-content/uploads/headshots/nba/latest/260x190/1630623.png
1629234,Drew Eubanks,1997-02-01T00:00:00,15,Clippers,Forward-Center,Undrafted,West,https://ak-static.cms.nba.com/wp-content/uploads/headshots/nba/latest/260x190/1629234.png
1641787,Tosan Evbuomwan,2001-02-16T00:00:00,12,Nets,Forward,Undrafted,East,https://ak-static.cms.nba.com/wp-content/uploads/headshots/nba/latest/260x190/1641787.png
203957,Danté Exum,1995-07-13T00:00:00,0,Mavericks,Guard,5,West,https://ak-static.cms.nba.com/wp-content/uploads/headshots/nba/latest/260x190/203957.png
1628981,Bruno Fernando,1998-08-15T00:00:00,,,Forward-Center,34,,https://ak-static.cms.nba.com/wp-content/uploads/headshots/nba/latest/260x190/1628981.png
1642271,Kyle Filipowski,2003-11-07T00:00:00,22,Jazz,Center,32,West,https://ak-static.cms.nba.com/wp-content/uploads/headshots/nba/latest/260x190/1642271.png
1627827,Dorian Finney-Smith,1993-05-04T00:00:00,17,Lakers,Forward,Undrafted,West,https://ak-static.cms.nba.com/wp-content/uploads/headshots/nba/latest/260x190/1627827.png
1641745,Adam Flagler,1999-12-01T00:00:00,14,Thunder,Guard,Undrafted,West,https://ak-static.cms.nba.com/wp-content/uploads/headshots/nba/latest/260x190/1641745.png
1642280,Trentyn Flowers,2005-03-08T00:00:00,9,Clippers,Forward,Undrafted,West,https://ak-static.cms.nba.com/wp-content/uploads/headshots/nba/latest/260x190/1642280.png
1630201,Malachi Flynn,1998-05-09T00:00:00,,,Guard,29,,https://ak-static.cms.nba.com/wp-content/uploads/headshots/nba/latest/260x190/1630201.png
1631323,Simone Fontecchio,1995-12-09T00:00:00,19,Pistons,Forward,Undrafted,East,https://ak-static.cms.nba.com/wp-content/uploads/headshots/nba/latest/260x190/1631323.png
1628368,De'Aaron Fox,1997-12-20T00:00:00,4,Spurs,Guard,5,West,https://ak-static.cms.nba.com/wp-content/uploads/headshots/nba/latest/260x190/1628368.png
1642402,Enrique Freeman,2000-07-29T00:00:00,8,Pacers,Forward,50,East,https://ak-static.cms.nba.com/wp-content/uploads/headshots/nba/latest/260x190/1642402.png
1628365,Markelle Fultz,1998-05-29T00:00:00,20,Kings,Guard,1,West,https://ak-static.cms.nba.com/wp-content/uploads/headshots/nba/latest/260x190/1628365.png
1642277,Johnny Furphy,2004-12-08T00:00:00,12,Pacers,Guard,35,East,https://ak-static.cms.nba.com/wp-content/uploads/headshots/nba/latest/260x190/1642277.png
1629655,Daniel Gafford,1998-10-01T00:00:00,21,Mavericks,Forward-Center,38,West,https://ak-static.cms.nba.com/wp-content/uploads/headshots/nba/latest/260x190/1629655.png
1629636,Darius Garland,2000-01-26T00:00:00,10,Cavaliers,Guard,5,East,https://ak-static.cms.nba.com/wp-content/uploads/headshots/nba/latest/260x190/1629636.png
1630585,Marcus Garrett,1998-11-09T00:00:00,,,Guard,Undrafted,,https://ak-static.cms.nba.com/wp-content/uploads/headshots/nba/latest/260x190/1630585.png
1630568,Luka Garza,1998-12-27T00:00:00,55,Timberwolves,Center,52,West,https://ak-static.cms.nba.com/wp-content/uploads/headshots/nba/latest/260x190/1630568.png
1641718,Keyonte George,2003-11-08T00:00:00,3,Jazz,Guard,16,West,https://ak-static.cms.nba.com/wp-content/uploads/headshots/nba/latest/260x190/1641718.png
1642273,Kyshawn George,2003-12-12T00:00:00,18,Wizards,Forward,24,East,https://ak-static.cms.nba.com/wp-content/uploads/headshots/nba/latest/260x190/1642273.png
202331,Paul George,1990-05-02T00:00:00,8,76ers,Forward,10,East,https://ak-static.cms.nba.com/wp-content/uploads/headshots/nba/latest/260x190/202331.png
201959,Taj Gibson,1985-06-24T00:00:00,67,Hornets,Forward,26,East,https://ak-static.cms.nba.com/wp-content/uploads/headshots/nba/latest/260x190/201959.png
1630581,Josh Giddey,2002-10-10T00:00:00,3,Bulls,Guard,6,East,https://ak-static.cms.nba.com/wp-content/uploads/headshots/nba/latest/260x190/1630581.png
1628983,Shai Gilgeous-Alexander,1998-07-12T00:00:00,2,Thunder,Guard,11,West,https://ak-static.cms.nba.com/wp-content/uploads/headshots/nba/latest/260x190/1628983.png
1630264,Anthony Gill,1992-10-17T00:00:00,16,Wizards,Forward,Undrafted,East,https://ak-static.cms.nba.com/wp-content/uploads/headshots/nba/latest/260x190/1630264.png
1631221,Collin Gillespie,1999-06-25T00:00:00,12,Suns,Guard,Undrafted,West,https://ak-static.cms.nba.com/wp-content/uploads/headshots/nba/latest/260x190/1631221.png
203497,Rudy Gobert,1992-06-26T00:00:00,27,Timberwolves,Center,27,West,https://ak-static.cms.nba.com/wp-content/uploads/headshots/nba/latest/260x190/203497.png
1630692,Jordan Goodwin,1998-10-23T00:00:00,30,Lakers,Guard,Undrafted,West,https://ak-static.cms.nba.com/wp-content/uploads/headshots/nba/latest/260x190/1630692.png
203932,Aaron Gordon,1995-09-16T00:00:00,32,Nuggets,Forward,4,West,https://ak-static.cms.nba.com/wp-content/uploads/headshots/nba/latest/260x190/203932.png
201569,Eric Gordon,1988-12-25T00:00:00,23,76ers,Guard,7,East,https://ak-static.cms.nba.com/wp-content/uploads/headshots/nba/latest/260x190/201569.png
1641789,Jazian Gortman,2003-03-14T00:00:00,,,Guard,Undrafted,,https://ak-static.cms.nba.com/wp-content/uploads/headshots/nba/latest/260x190/1641789.png
203924,Jerami Grant,1994-03-12T00:00:00,9,Trail Blazers,Forward,39,West,https://ak-static.cms.nba.com/wp-content/uploads/headshots/nba/latest/260x190/203924.png
1631260,AJ Green,1999-09-27T00:00:00,20,Bucks,Guard,Undrafted,East,https://ak-static.cms.nba.com/wp-content/uploads/headshots/nba/latest/260x190/1631260.png
203110,Draymond Green,1990-03-04T00:00:00,23,Warriors,Forward,35,West,https://ak-static.cms.nba.com/wp-content/uploads/headshots/nba/latest/260x190/203110.png
1630224,Jalen Green,2002-02-09T00:00:00,4,Rockets,Guard,2,West,https://ak-static.cms.nba.com/wp-content/uploads/headshots/nba/latest/260x190/1630224.png
1629750,Javonte Green,1993-07-23T00:00:00,8,Cavaliers,Guard,Undrafted,East,https://ak-static.cms.nba.com/wp-content/uploads/headshots/nba/latest/260x190/1629750.png
201145,Jeff Green,1986-08-28T00:00:00,32,Rockets,Forward,5,West,https://ak-static.cms.nba.com/wp-content/uploads/headshots/nba/latest/260x190/201145.png
1630182,Josh Green,2000-11-16T00:00:00,10,Hornets,Guard,18,East,https://ak-static.cms.nba.com/wp-content/uploads/headshots/nba/latest/260x190/1630182.png
1629656,Quentin Grimes,2000-05-08T00:00:00,5,76ers,Guard,25,East,https://ak-static.cms.nba.com/wp-content/uploads/headshots/nba/latest/260x190/1629656.png
1631243,Mouhamed Gueye,2002-11-09T00:00:00,18,Hawks,Forward,39,East,https://ak-static.cms.nba.com/wp-content/uploads/headshots/nba/latest/260x190/1631243.png
1629060,Rui Hachimura,1998-02-08T00:00:00,28,Lakers,Forward,9,West,https://ak-static.cms.nba.com/wp-content/uploads/headshots/nba/latest/260x190/1629060.png
1630169,Tyrese Haliburton,2000-02-29T00:00:00,0,Pacers,Guard,12,East,https://ak-static.cms.nba.com/wp-content/uploads/headshots/nba/latest/260x190/1630169.png
1641790,PJ Hall,2002-02-21T00:00:00,13,Nuggets,Center,Undrafted,West,https://ak-static.cms.nba.com/wp-content/uploads/headshots/nba/latest/260x190/1641790.png
203501,Tim Hardaway Jr.,1992-03-16T00:00:00,8,Pistons,Guard-Forward,24,East,https://ak-static.cms.nba.com/wp-content/uploads/headshots/nba/latest/260x190/203501.png
201935,James Harden,1989-08-26T00:00:00,1,Clippers,Guard,3,West,https://ak-static.cms.nba.com/wp-content/uploads/headshots/nba/latest/260x190/201935.png
1630702,Jaden Hardy,2002-07-05T00:00:00,1,Mavericks,Guard,37,West,https://ak-static.cms.nba.com/wp-content/uploads/headshots/nba/latest/260x190/1630702.png
1641989,Elijah Harkless,2000-02-03T00:00:00,16,Jazz,Guard,Undrafted,West,https://ak-static.cms.nba.com/wp-content/uploads/headshots/nba/latest/260x190/1641989.png
1631199,Ron Harper Jr.,2000-04-12T00:00:00,13,Pistons,Guard-Forward,Undrafted,East,https://ak-static.cms.nba.com/wp-content/uploads/headshots/nba/latest/260x190/1631199.png
203914,Gary Harris,1994-09-14T00:00:00,14,Magic,Guard,19,East,https://ak-static.cms.nba.com/wp-content/uploads/headshots/nba/latest/260x190/203914.png
202699,Tobias Harris,1992-07-15T00:00:00,12,Pistons,Forward,19,East,https://ak-static.cms.nba.com/wp-content/uploads/headshots/nba/latest/260x190/202699.png
1628404,Josh Hart,1995-03-06T00:00:00,3,Knicks,Guard,30,East,https://ak-static.cms.nba.com/wp-content/uploads/headshots/nba/latest/260x190/1628404.png
1628392,Isaiah Hartenstein,1998-05-05T00:00:00,55,Thunder,Center-Forward,43,West,https://ak-static.cms.nba.com/wp-content/uploads/headshots/nba/latest/260x190/1628392.png
1630573,Sam Hauser,1997-12-08T00:00:00,30,Celtics,Forward,Undrafted,East,https://ak-static.cms.nba.com/wp-content/uploads/headshots/nba/latest/260x190/1630573.png
1641722,Jordan Hawkins,2002-04-29T00:00:00,24,Pelicans,Guard,14,West,https://ak-static.cms.nba.com/wp-content/uploads/headshots/nba/latest/260x190/1641722.png
1629637,Jaxson Hayes,2000-05-23T00:00:00,11,Lakers,Center-Forward,8,West,https://ak-static.cms.nba.com/wp-content/uploads/headshots/nba/latest/260x190/1629637.png
1630165,Killian Hayes,2001-07-27T00:00:00,,,Guard,7,,https://ak-static.cms.nba.com/wp-content/uploads/headshots/nba/latest/260x190/1630165.png
1630703,Scoot Henderson,2004-02-03T00:00:00,00,Trail Blazers,Guard,3,West,https://ak-static.cms.nba.com/wp-content/uploads/headshots/nba/latest/260x190/1630703.png
1641707,Taylor Hendricks,2003-11-22T00:00:00,0,Jazz,Forward,9,West,https://ak-static.cms.nba.com/wp-content/uploads/headshots/nba/latest/260x190/1641707.png
1629639,Tyler Herro,2000-01-20T00:00:00,14,Heat,Guard,13,East,https://ak-static.cms.nba.com/wp-content/uploads/headshots/nba/latest/260x190/1629639.png
1627741,Buddy Hield,1992-12-17T00:00:00,7,Warriors,Guard,6,West,https://ak-static.cms.nba.com/wp-content/uploads/headshots/nba/latest/260x190/1627741.png
1629312,Haywood Highsmith,1996-12-09T00:00:00,24,Heat,Forward,,East,https://ak-static.cms.nba.com/wp-content/uploads/headshots/nba/latest/260x190/1629312.png
1628988,Aaron Holiday,1996-09-30T00:00:00,0,Rockets,Guard,23,West,https://ak-static.cms.nba.com/wp-content/uploads/headshots/nba/latest/260x190/1628988.png
201950,Jrue Holiday,1990-06-12T00:00:00,4,Celtics,Guard,17,East,https://ak-static.cms.nba.com/wp-content/uploads/headshots/nba/latest/260x190/201950.png
1641842,Ronald Holland II,2005-07-07T00:00:00,00,Pistons,Forward,5,East,https://ak-static.cms.nba.com/wp-content/uploads/headshots/nba/latest/260x190/1641842.png
1626158,Richaun Holmes,1993-10-15T00:00:00,22,Wizards,Forward,37,East,https://ak-static.cms.nba.com/wp-content/uploads/headshots/nba/latest/260x190/1626158.png
1641747,DaRon Holmes II,2002-08-15T00:00:00,14,Nuggets,Forward,22,West,https://ak-static.cms.nba.com/wp-content/uploads/headshots/nba/latest/260x190/1641747.png
1631096,Chet Holmgren,2002-05-01T00:00:00,7,Thunder,Center-Forward,2,West,https://ak-static.cms.nba.com/wp-content/uploads/headshots/nba/latest/260x190/1631096.png
1641720,Jalen Hood-Schifino,2003-06-19T00:00:00,17,76ers,Guard,17,East,https://ak-static.cms.nba.com/wp-content/uploads/headshots/nba/latest/260x190/1641720.png
201143,Al Horford,1986-06-03T00:00:00,42,Celtics,Center-Forward,3,East,https://ak-static.cms.nba.com/wp-content/uploads/headshots/nba/latest/260x190/201143.png
1629659,Talen Horton-Tucker,2000-11-25T00:00:00,22,Bulls,Guard,46,East,https://ak-static.cms.nba.com/wp-content/uploads/headshots/nba/latest/260x190/1629659.png
1631216,Caleb Houstan,2003-01-09T00:00:00,2,Magic,Guard,32,East,https://ak-static.cms.nba.com/wp-content/uploads/headshots/nba/latest/260x190/1631216.png
1641724,Jett Howard,2003-09-14T00:00:00,13,Magic,Guard,11,East,https://ak-static.cms.nba.com/wp-content/uploads/headshots/nba/latest/260x190/1641724.png
1628989,Kevin Huerter,1998-08-27T00:00:00,13,Bulls,Guard-Forward,19,East,https://ak-static.cms.nba.com/wp-content/uploads/headshots/nba/latest/260x190/1628989.png
1630643,Jay Huff,1997-08-25T00:00:00,30,Grizzlies,Center,Undrafted,West,https://ak-static.cms.nba.com/wp-content/uploads/headshots/nba/latest/260x190/1630643.png
1630574,Ariel Hukporti,2002-04-12T00:00:00,55,Knicks,Center,58,East,https://ak-static.cms.nba.com/wp-content/uploads/headshots/nba/latest/260x190/1630574.png
1629631,De'Andre Hunter,1997-12-02T00:00:00,12,Cavaliers,Forward-Guard,4,East,https://ak-static.cms.nba.com/wp-content/uploads/headshots/nba/latest/260x190/1629631.png
1630538,Bones Hyland,2000-09-14T00:00:00,77,Timberwolves,Guard,26,West,https://ak-static.cms.nba.com/wp-content/uploads/headshots/nba/latest/260x190/1630538.png
1642345,Oso Ighodaro,2002-07-14T00:00:00,4,Suns,Forward,40,West,https://ak-static.cms.nba.com/wp-content/uploads/headshots/nba/latest/260x190/1642345.png
204060,Joe Ingles,1987-10-02T00:00:00,7,Timberwolves,Forward-Guard,Undrafted,West,https://ak-static.cms.nba.com/wp-content/uploads/headshots/nba/latest/260x190/204060.png
1627742,Brandon Ingram,1997-09-02T00:00:00,3,Raptors,Forward,2,East,https://ak-static.cms.nba.com/wp-content/uploads/headshots/nba/latest/260x190/1627742.png
1631127,Harrison Ingram,2002-11-27T00:00:00,55,Spurs,Forward,48,West,https://ak-static.cms.nba.com/wp-content/uploads/headshots/nba/latest/260x190/1631127.png
202681,Kyrie Irving,1992-03-23T00:00:00,11,Mavericks,Guard,1,West,https://ak-static.cms.nba.com/wp-content/uploads/headshots/nba/latest/260x190/202681.png
1628371,Jonathan Isaac,1997-10-03T00:00:00,1,Magic,Forward,6,East,https://ak-static.cms.nba.com/wp-content/uploads/headshots/nba/latest/260x190/1628371.png
1631093,Jaden Ivey,2002-02-13T00:00:00,23,Pistons,Guard,5,East,https://ak-static.cms.nba.com/wp-content/uploads/headshots/nba/latest/260x190/1631093.png
1641713,GG Jackson,2004-12-17T00:00:00,45,Grizzlies,Forward,45,West,https://ak-static.cms.nba.com/wp-content/uploads/headshots/nba/latest/260x190/1641713.png
1630543,Isaiah Jackson,2002-01-10T00:00:00,22,Pacers,Forward,22,East,https://ak-static.cms.nba.com/wp-content/uploads/headshots/nba/latest/260x190/1630543.png
1631245,Quenton Jackson,1998-09-15T00:00:00,29,Pacers,Guard,Undrafted,East,https://ak-static.cms.nba.com/wp-content/uploads/headshots/nba/latest/260x190/1631245.png
202704,Reggie Jackson,1990-04-16T00:00:00,,,Guard,24,,https://ak-static.cms.nba.com/wp-content/uploads/headshots/nba/latest/260x190/202704.png
1641748,Andre Jackson Jr.,2001-11-13T00:00:00,44,Bucks,Guard,36,East,https://ak-static.cms.nba.com/wp-content/uploads/headshots/nba/latest/260x190/1641748.png
1628991,Jaren Jackson Jr.,1999-09-15T00:00:00,13,Grizzlies,Forward-Center,4,West,https://ak-static.cms.nba.com/wp-content/uploads/headshots/nba/latest/260x190/1628991.png
1631218,Trayce Jackson-Davis,2000-02-22T00:00:00,32,Warriors,Forward,57,West,https://ak-static.cms.nba.com/wp-content/uploads/headshots/nba/latest/260x190/1631218.png
1642355,Bronny James,2004-10-06T00:00:00,9,Lakers,Guard,55,West,https://ak-static.cms.nba.com/wp-content/uploads/headshots/nba/latest/260x190/1642355.png
2544,LeBron James,1984-12-30T00:00:00,23,Lakers,Forward,1,West,https://ak-static.cms.nba.com/wp-content/uploads/headshots/nba/latest/260x190/2544.png
1631170,Jaime Jaquez Jr.,2001-02-18T00:00:00,11,Heat,Guard,18,East,https://ak-static.cms.nba.com/wp-content/uploads/headshots/nba/latest/260x190/1631170.png
1629610,DaQuan Jeffries,1997-08-30T00:00:00,3,Hornets,Guard-Forward,Undrafted,East,https://ak-static.cms.nba.com/wp-content/uploads/headshots/nba/latest/260x190/1629610.png
1641998,Trey Jemison III,1999-11-28T00:00:00,55,Lakers,Center,Undrafted,West,https://ak-static.cms.nba.com/wp-content/uploads/headshots/nba/latest/260x190/1641998.png
1642450,Daniss Jenkins,2001-08-17T00:00:00,24,Pistons,Guard,Undrafted,East,https://ak-static.cms.nba.com/wp-content/uploads/headshots/nba/latest/260x190/1642450.png
1629660,Ty Jerome,1997-07-08T00:00:00,2,Cavaliers,Guard-Forward,24,East,https://ak-static.cms.nba.com/wp-content/uploads/headshots/nba/latest/260x190/1629660.png
1630198,Isaiah Joe,1999-07-02T00:00:00,11,Thunder,Guard,49,West,https://ak-static.cms.nba.com/wp-content/uploads/headshots/nba/latest/260x190/1630198.png
1642358,AJ Johnson,2004-12-01T00:00:00,5,Wizards,Guard,23,East,https://ak-static.cms.nba.com/wp-content/uploads/headshots/nba/latest/260x190/1642358.png
1629661,Cameron Johnson,1996-03-03T00:00:00,2,Nets,Forward,11,East,https://ak-static.cms.nba.com/wp-content/uploads/headshots/nba/latest/260x190/1629661.png
1630552,Jalen Johnson,2001-12-18T00:00:00,1,Hawks,Forward,20,East,https://ak-static.cms.nba.com/wp-content/uploads/headshots/nba/latest/260x190/1630552.png
201949,James Johnson,1987-02-20T00:00:00,16,Pacers,Forward,16,East,https://ak-static.cms.nba.com/wp-content/uploads/headshots/nba/latest/260x190/201949.png
1629640,Keldon Johnson,1999-10-11T00:00:00,0,Spurs,Forward-Guard,29,West,https://ak-static.cms.nba.com/wp-content/uploads/headshots/nba/latest/260x190/1629640.png
1630553,Keon Johnson,2002-03-10T00:00:00,45,Nets,Guard,21,East,https://ak-static.cms.nba.com/wp-content/uploads/headshots/nba/latest/260x190/1630553.png
1642352,Keshad Johnson,2001-06-23T00:00:00,16,Heat,Forward,Undrafted,East,https://ak-static.cms.nba.com/wp-content/uploads/headshots/nba/latest/260x190/1642352.png
203999,Nikola Jokić,1995-02-19T00:00:00,15,Nuggets,Center,41,West,https://ak-static.cms.nba.com/wp-content/uploads/headshots/nba/latest/260x190/203999.png
1641732,Colby Jones,2002-05-28T00:00:00,1,Wizards,Guard,34,East,https://ak-static.cms.nba.com/wp-content/uploads/headshots/nba/latest/260x190/1641732.png
1641794,Dillon Jones,2001-10-29T00:00:00,3,Thunder,Forward,26,West,https://ak-static.cms.nba.com/wp-content/uploads/headshots/nba/latest/260x190/1641794.png
1630529,Herbert Jones,1998-10-06T00:00:00,2,Pelicans,Forward,35,West,https://ak-static.cms.nba.com/wp-content/uploads/headshots/nba/latest/260x190/1630529.png
1642403,Isaac Jones,2000-07-11T00:00:00,3,Kings,Forward,Undrafted,West,https://ak-static.cms.nba.com/wp-content/uploads/headshots/nba/latest/260x190/1642403.png
1630539,Kai Jones,2001-01-19T00:00:00,23,Mavericks,Center-Forward,19,West,https://ak-static.cms.nba.com/wp-content/uploads/headshots/nba/latest/260x190/1630539.png
1630222,Mason Jones,1998-07-21T00:00:00,15,Kings,Guard,Undrafted,West,https://ak-static.cms.nba.com/wp-content/uploads/headshots/nba/latest/260x190/1630222.png
1642461,Spencer Jones,2001-06-14T00:00:00,21,Nuggets,Forward,Undrafted,West,https://ak-static.cms.nba.com/wp-content/uploads/headshots/nba/latest/260x190/1642461.png
1630200,Tre Jones,2000-01-08T00:00:00,30,Bulls,Guard,41,East,https://ak-static.cms.nba.com/wp-content/uploads/headshots/nba/latest/260x190/1630200.png
1626145,Tyus Jones,1996-05-10T00:00:00,21,Suns,Guard,24,West,https://ak-static.cms.nba.com/wp-content/uploads/headshots/nba/latest/260x190/1626145.png
1627884,Derrick Jones Jr.,1997-02-15T00:00:00,55,Clippers,Forward,Undrafted,West,https://ak-static.cms.nba.com/wp-content/uploads/headshots/nba/latest/260x190/1627884.png
201599,DeAndre Jordan,1988-07-21T00:00:00,6,Nuggets,Center,35,West,https://ak-static.cms.nba.com/wp-content/uploads/headshots/nba/latest/260x190/201599.png
202709,Cory Joseph,1991-08-20T00:00:00,10,Magic,Guard,29,East,https://ak-static.cms.nba.com/wp-content/uploads/headshots/nba/latest/260x190/202709.png
1631107,Nikola Jović,2003-06-09T00:00:00,5,Heat,Forward,27,East,https://ak-static.cms.nba.com/wp-content/uploads/headshots/nba/latest/260x190/1631107.png
1630548,Johnny Juzang,2001-03-17T00:00:00,33,Jazz,Guard,Undrafted,West,https://ak-static.cms.nba.com/wp-content/uploads/headshots/nba/latest/260x190/1630548.png
1642530,Yuki Kawamura,2001-05-02T00:00:00,17,Grizzlies,Guard,Undrafted,West,https://ak-static.cms.nba.com/wp-content/uploads/headshots/nba/latest/260x190/1642530.png
1630283,Kylor Kelley,1997-08-26T00:00:00,50,Pelicans,Center,Undrafted,West,https://ak-static.cms.nba.com/wp-content/uploads/headshots/nba/latest/260x190/1630283.png
1628379,Luke Kennard,1996-06-24T00:00:00,10,Grizzlies,Guard,12,West,https://ak-static.cms.nba.com/wp-content/uploads/headshots/nba/latest/260x190/1628379.png
1631117,Walker Kessler,2001-07-26T00:00:00,24,Jazz,Center,22,West,https://ak-static.cms.nba.com/wp-content/uploads/headshots/nba/latest/260x190/1631117.png
1630296,Braxton Key,1997-02-14T00:00:00,12,Warriors,Forward,Undrafted,West,https://ak-static.cms.nba.com/wp-content/uploads/headshots/nba/latest/260x190/1630296.png
1630557,Corey Kispert,1999-03-03T00:00:00,24,Wizards,Forward,15,East,https://ak-static.cms.nba.com/wp-content/uploads/headshots/nba/latest/260x190/1630557.png
1628467,Maxi Kleber,1992-01-29T00:00:00,14,Lakers,Forward,Undrafted,West,https://ak-static.cms.nba.com/wp-content/uploads/headshots/nba/latest/260x190/1628467.png
1641752,Bobi Klintman,2003-03-06T00:00:00,34,Pistons,Forward,37,East,https://ak-static.cms.nba.com/wp-content/uploads/headshots/nba/latest/260x190/1641752.png
1642261,Dalton Knecht,2001-04-19T00:00:00,4,Lakers,Forward,17,West,https://ak-static.cms.nba.com/wp-content/uploads/headshots/nba/latest/260x190/1642261.png
1628995,Kevin Knox II,1999-08-11T00:00:00,31,Warriors,Forward,9,West,https://ak-static.cms.nba.com/wp-content/uploads/headshots/nba/latest/260x190/1628995.png
1642278,Tyler Kolek,2001-03-27T00:00:00,13,Knicks,Guard,34,East,https://ak-static.cms.nba.com/wp-content/uploads/headshots/nba/latest/260x190/1642278.png
1631132,Christian Koloko,2000-06-20T00:00:00,10,Lakers,Center,33,West,https://ak-static.cms.nba.com/wp-content/uploads/headshots/nba/latest/260x190/1631132.png
1629723,John Konchar,1996-03-22T00:00:00,46,Grizzlies,Guard,Undrafted,West,https://ak-static.cms.nba.com/wp-content/uploads/headshots/nba/latest/260x190/1629723.png
1628436,Luke Kornet,1995-07-15T00:00:00,40,Celtics,Center-Forward,Undrafted,East,https://ak-static.cms.nba.com/wp-content/uploads/headshots/nba/latest/260x190/1628436.png
1630249,Vít Krejčí,2000-06-19T00:00:00,27,Hawks,Guard,37,East,https://ak-static.cms.nba.com/wp-content/uploads/headshots/nba/latest/260x190/1630249.png
1630228,Jonathan Kuminga,2002-10-06T00:00:00,00,Warriors,Forward,7,West,https://ak-static.cms.nba.com/wp-content/uploads/headshots/nba/latest/260x190/1630228.png
1628398,Kyle Kuzma,1995-07-24T00:00:00,18,Bucks,Forward,27,East,https://ak-static.cms.nba.com/wp-content/uploads/headshots/nba/latest/260x190/1628398.png
1631222,Jake LaRavia,2001-11-03T00:00:00,33,Kings,Forward,19,West,https://ak-static.cms.nba.com/wp-content/uploads/headshots/nba/latest/260x190/1631222.png
203897,Zach LaVine,1995-03-10T00:00:00,8,Kings,Guard,13,West,https://ak-static.cms.nba.com/wp-content/uploads/headshots/nba/latest/260x190/203897.png
1627746,Skal Labissiere,1996-03-18T00:00:00,,,Forward-Center,28,,https://ak-static.cms.nba.com/wp-content/uploads/headshots/nba/latest/260x190/1627746.png
1629111,Jock Landale,1995-10-25T00:00:00,2,Rockets,Center,Undrafted,West,https://ak-static.cms.nba.com/wp-content/uploads/headshots/nba/latest/260x190/1629111.png
1641796,Pelle Larsson,2001-02-23T00:00:00,9,Heat,Guard,44,East,https://ak-static.cms.nba.com/wp-content/uploads/headshots/nba/latest/260x190/1641796.png
1630639,A.J. Lawson,2000-07-15T00:00:00,0,Raptors,Guard,Undrafted,East,https://ak-static.cms.nba.com/wp-content/uploads/headshots/nba/latest/260x190/1630639.png
1627747,Caris LeVert,1994-08-25T00:00:00,3,Hawks,Guard,20,East,https://ak-static.cms.nba.com/wp-content/uploads/headshots/nba/latest/260x190/1627747.png
1627814,Damion Lee,1992-10-21T00:00:00,10,Suns,Guard-Forward,Undrafted,West,https://ak-static.cms.nba.com/wp-content/uploads/headshots/nba/latest/260x190/1627814.png
203458,Alex Len,1993-06-16T00:00:00,27,Lakers,Center,5,West,https://ak-static.cms.nba.com/wp-content/uploads/headshots/nba/latest/260x190/203458.png
202695,Kawhi Leonard,1991-06-29T00:00:00,2,Clippers,Forward,15,West,https://ak-static.cms.nba.com/wp-content/uploads/headshots/nba/latest/260x190/202695.png
1642502,Malevy Leons,1999-09-23T00:00:00,,,Forward,Undrafted,,https://ak-static.cms.nba.com/wp-content/uploads/headshots/nba/latest/260x190/1642502.png
1641721,Maxwell Lewis,2002-07-27T00:00:00,27,Nets,Forward,40,East,https://ak-static.cms.nba.com/wp-content/uploads/headshots/nba/latest/260x190/1641721.png
1630604,E.J. Liddell,2000-12-18T00:00:00,32,Bulls,Forward,41,East,https://ak-static.cms.nba.com/wp-content/uploads/headshots/nba/latest/260x190/1630604.png
203081,Damian Lillard,1990-07-15T00:00:00,0,Bucks,Guard,6,East,https://ak-static.cms.nba.com/wp-content/uploads/headshots/nba/latest/260x190/203081.png
1641726,Dereck Lively II,2004-02-12T00:00:00,2,Mavericks,Center,12,West,https://ak-static.cms.nba.com/wp-content/uploads/headshots/nba/latest/260x190/1641726.png
1641753,Chris Livingston,2003-10-15T00:00:00,7,Bucks,Forward,58,East,https://ak-static.cms.nba.com/wp-content/uploads/headshots/nba/latest/260x190/1641753.png
1626172,Kevon Looney,1996-02-06T00:00:00,5,Warriors,Forward,30,West,https://ak-static.cms.nba.com/wp-content/uploads/headshots/nba/latest/260x190/1626172.png
201572,Brook Lopez,1988-04-01T00:00:00,11,Bucks,Center,10,East,https://ak-static.cms.nba.com/wp-content/uploads/headshots/nba/latest/260x190/201572.png
201567,Kevin Love,1988-09-07T00:00:00,42,Heat,Forward-Center,5,East,https://ak-static.cms.nba.com/wp-content/uploads/headshots/nba/latest/260x190/201567.png
200768,Kyle Lowry,1986-03-25T00:00:00,7,76ers,Guard,24,East,https://ak-static.cms.nba.com/wp-content/uploads/headshots/nba/latest/260x190/200768.png
1641754,Seth Lundy,2000-04-02T00:00:00,5,Clippers,Guard-Forward,46,West,https://ak-static.cms.nba.com/wp-content/uploads/headshots/nba/latest/260x190/1641754.png
1626168,Trey Lyles,1995-11-05T00:00:00,41,Kings,Forward,12,West,https://ak-static.cms.nba.com/wp-content/uploads/headshots/nba/latest/260x190/1626168.png
1630572,Sandro Mamukelashvili,1999-05-23T00:00:00,54,Spurs,Forward-Center,54,West,https://ak-static.cms.nba.com/wp-content/uploads/headshots/nba/latest/260x190/1630572.png
1629611,Terance Mann,1996-10-18T00:00:00,14,Hawks,Guard-Forward,48,East,https://ak-static.cms.nba.com/wp-content/uploads/headshots/nba/latest/260x190/1629611.png
1630544,Tre Mann,2001-02-03T00:00:00,23,Hornets,Guard,18,East,https://ak-static.cms.nba.com/wp-content/uploads/headshots/nba/latest/260x190/1630544.png
1628374,Lauri Markkanen,1997-05-22T00:00:00,23,Jazz,Forward-Center,7,West,https://ak-static.cms.nba.com/wp-content/uploads/headshots/nba/latest/260x190/1628374.png
1630230,Naji Marshall,1998-01-24T00:00:00,13,Mavericks,Forward,Undrafted,West,https://ak-static.cms.nba.com/wp-content/uploads/headshots/nba/latest/260x190/1630230.png
1628997,Caleb Martin,1995-09-28T00:00:00,16,Mavericks,Forward,Undrafted,West,https://ak-static.cms.nba.com/wp-content/uploads/headshots/nba/latest/260x190/1628997.png
1628998,Cody Martin,1995-09-28T00:00:00,17,Suns,Forward,36,West,https://ak-static.cms.nba.com/wp-content/uploads/headshots/nba/latest/260x190/1628998.png
1641798,Jaylen Martin,2004-01-28T00:00:00,4,Wizards,Guard,Undrafted,East,https://ak-static.cms.nba.com/wp-content/uploads/headshots/nba/latest/260x190/1641798.png
1630231,KJ Martin,2001-01-06T00:00:00,99,Jazz,Forward,52,West,https://ak-static.cms.nba.com/wp-content/uploads/headshots/nba/latest/260x190/1630231.png
1631213,Tyrese Martin,1999-03-07T00:00:00,13,Nets,Forward,51,East,https://ak-static.cms.nba.com/wp-content/uploads/headshots/nba/latest/260x190/1631213.png
1629726,Garrison Mathews,1996-10-24T00:00:00,24,Hawks,Guard,Undrafted,East,https://ak-static.cms.nba.com/wp-content/uploads/headshots/nba/latest/260x190/1629726.png
1631097,Bennedict Mathurin,2002-06-19T00:00:00,00,Pacers,Guard-Forward,6,East,https://ak-static.cms.nba.com/wp-content/uploads/headshots/nba/latest/260x190/1631097.png
1631255,Karlo Matković,2001-03-30T00:00:00,17,Pelicans,Forward-Center,52,West,https://ak-static.cms.nba.com/wp-content/uploads/headshots/nba/latest/260x190/1631255.png
1630178,Tyrese Maxey,2000-11-04T00:00:00,0,76ers,Guard,21,East,https://ak-static.cms.nba.com/wp-content/uploads/headshots/nba/latest/260x190/1630178.png
1630540,Miles McBride,2000-09-08T00:00:00,2,Knicks,Guard,36,East,https://ak-static.cms.nba.com/wp-content/uploads/headshots/nba/latest/260x190/1630540.png
1642272,Jared McCain,2004-02-20T00:00:00,20,76ers,Guard,16,East,https://ak-static.cms.nba.com/wp-content/uploads/headshots/nba/latest/260x190/1642272.png
1630644,Mac McClung,1999-01-06T00:00:00,8,Magic,Guard,Undrafted,East,https://ak-static.cms.nba.com/wp-content/uploads/headshots/nba/latest/260x190/1630644.png
203468,CJ McCollum,1991-09-19T00:00:00,3,Pelicans,Guard,10,West,https://ak-static.cms.nba.com/wp-content/uploads/headshots/nba/latest/260x190/203468.png
204456,T.J. McConnell,1992-03-25T00:00:00,9,Pacers,Guard,,East,https://ak-static.cms.nba.com/wp-content/uploads/headshots/nba/latest/260x190/204456.png
1641755,Kevin McCullar Jr.,2001-03-15T00:00:00,9,Knicks,Guard,56,East,https://ak-static.cms.nba.com/wp-content/uploads/headshots/nba/latest/260x190/1641755.png
1630183,Jaden McDaniels,2000-09-29T00:00:00,3,Timberwolves,Forward,28,West,https://ak-static.cms.nba.com/wp-content/uploads/headshots/nba/latest/260x190/1630183.png
1629667,Jalen McDaniels,1998-01-31T00:00:00,,,Forward,52,,https://ak-static.cms.nba.com/wp-content/uploads/headshots/nba/latest/260x190/1629667.png
203926,Doug McDermott,1992-01-03T00:00:00,7,Kings,Forward,11,West,https://ak-static.cms.nba.com/wp-content/uploads/headshots/nba/latest/260x190/203926.png
1631121,Bryce McGowens,2002-11-08T00:00:00,11,Trail Blazers,Guard,40,West,https://ak-static.cms.nba.com/wp-content/uploads/headshots/nba/latest/260x190/1631121.png
1629162,Jordan McLaughlin,1996-04-09T00:00:00,11,Spurs,Guard,Undrafted,West,https://ak-static.cms.nba.com/wp-content/uploads/headshots/nba/latest/260x190/1629162.png
1629098,Jack McVeigh,1996-06-27T00:00:00,58,Rockets,Guard-Forward,Undrafted,West,https://ak-static.cms.nba.com/wp-content/uploads/headshots/nba/latest/260x190/1629098.png
1629001,De'Anthony Melton,1998-05-28T00:00:00,14,Nets,Guard,46,East,https://ak-static.cms.nba.com/wp-content/uploads/headshots/nba/latest/260x190/1629001.png
1630241,Sam Merrill,1996-05-15T00:00:00,5,Cavaliers,Guard,60,East,https://ak-static.cms.nba.com/wp-content/uploads/headshots/nba/latest/260x190/1630241.png
203995,Vasilije Micić,1994-01-13T00:00:00,18,Suns,Guard,52,West,https://ak-static.cms.nba.com/wp-content/uploads/headshots/nba/latest/260x190/203995.png
203114,Khris Middleton,1991-08-12T00:00:00,32,Wizards,Forward,39,East,https://ak-static.cms.nba.com/wp-content/uploads/headshots/nba/latest/260x190/203114.png
1641706,Brandon Miller,2002-11-22T00:00:00,24,Hornets,Forward,2,East,https://ak-static.cms.nba.com/wp-content/uploads/headshots/nba/latest/260x190/1641706.png
1641801,Emanuel Miller,2000-06-19T00:00:00,20,Bulls,Forward,Undrafted,East,https://ak-static.cms.nba.com/wp-content/uploads/headshots/nba/latest/260x190/1641801.png
1641757,Jordan Miller,2000-01-23T00:00:00,11,Clippers,Guard,48,West,https://ak-static.cms.nba.com/wp-content/uploads/headshots/nba/latest/260x190/1641757.png
1631159,Leonard Miller,2003-11-26T00:00:00,33,Timberwolves,Forward,33,West,https://ak-static.cms.nba.com/wp-content/uploads/headshots/nba/latest/260x190/1631159.png
201988,Patty Mills,1988-08-11T00:00:00,88,Clippers,Guard,55,West,https://ak-static.cms.nba.com/wp-content/uploads/headshots/nba/latest/260x190/201988.png
1629003,Shake Milton,1996-09-26T00:00:00,20,Lakers,Guard,54,West,https://ak-static.cms.nba.com/wp-content/uploads/headshots/nba/latest/260x190/1629003.png
1631303,Justin Minaya,1999-03-26T00:00:00,10,Trail Blazers,Forward,Undrafted,West,https://ak-static.cms.nba.com/wp-content/uploads/headshots/nba/latest/260x190/1631303.png
1642434,Riley Minix,2000-09-22T00:00:00,27,Spurs,Forward,Undrafted,West,https://ak-static.cms.nba.com/wp-content/uploads/headshots/nba/latest/260x190/1642434.png
1631169,Josh Minott,2002-11-25T00:00:00,8,Timberwolves,Forward,45,West,https://ak-static.cms.nba.com/wp-content/uploads/headshots/nba/latest/260x190/1631169.png
1642274,Yves Missi,2004-05-14T00:00:00,21,Pelicans,Center,21,West,https://ak-static.cms.nba.com/wp-content/uploads/headshots/nba/latest/260x190/1642274.png
1642349,Ajay Mitchell,2002-06-25T00:00:00,25,Thunder,Guard,38,West,https://ak-static.cms.nba.com/wp-content/uploads/headshots/nba/latest/260x190/1642349.png
1630558,Davion Mitchell,1998-09-05T00:00:00,45,Heat,Guard,9,East,https://ak-static.cms.nba.com/wp-content/uploads/headshots/nba/latest/260x190/1630558.png
1628378,Donovan Mitchell,1996-09-07T00:00:00,45,Cavaliers,Guard,13,East,https://ak-static.cms.nba.com/wp-content/uploads/headshots/nba/latest/260x190/1628378.png
1630596,Evan Mobley,2001-06-18T00:00:00,4,Cavaliers,Center,3,East,https://ak-static.cms.nba.com/wp-content/uploads/headshots/nba/latest/260x190/1630596.png
1642367,Jonathan Mogbo,2001-10-29T00:00:00,2,Raptors,Forward,31,East,https://ak-static.cms.nba.com/wp-content/uploads/headshots/nba/latest/260x190/1642367.png
1628370,Malik Monk,1998-02-04T00:00:00,0,Kings,Guard,11,West,https://ak-static.cms.nba.com/wp-content/uploads/headshots/nba/latest/260x190/1628370.png
1630541,Moses Moody,2002-05-31T00:00:00,4,Warriors,Guard,14,West,https://ak-static.cms.nba.com/wp-content/uploads/headshots/nba/latest/260x190/1630541.png
1631386,Tazé Moore,1998-06-29T00:00:00,,,Guard,Undrafted,,https://ak-static.cms.nba.com/wp-content/uploads/headshots/nba/latest/260x190/1631386.png
1631111,Wendell Moore Jr.,2001-09-18T00:00:00,9,Hornets,Guard,26,East,https://ak-static.cms.nba.com/wp-content/uploads/headshots/nba/latest/260x190/1631111.png
1629630,Ja Morant,1999-08-10T00:00:00,12,Grizzlies,Guard,2,West,https://ak-static.cms.nba.com/wp-content/uploads/headshots/nba/latest/260x190/1629630.png
202693,Markieff Morris,1989-09-02T00:00:00,88,Lakers,Forward,13,West,https://ak-static.cms.nba.com/wp-content/uploads/headshots/nba/latest/260x190/202693.png
1628420,Monté Morris,1995-06-27T00:00:00,23,Suns,Guard,51,West,https://ak-static.cms.nba.com/wp-content/uploads/headshots/nba/latest/260x190/1628420.png
1630530,Trey Murphy III,2000-06-18T00:00:00,25,Pelicans,Forward,17,West,https://ak-static.cms.nba.com/wp-content/uploads/headshots/nba/latest/260x190/1630530.png
1627749,Dejounte Murray,1996-09-19T00:00:00,5,Pelicans,Guard,29,West,https://ak-static.cms.nba.com/wp-content/uploads/headshots/nba/latest/260x190/1627749.png
1627750,Jamal Murray,1997-02-23T00:00:00,27,Nuggets,Guard,7,West,https://ak-static.cms.nba.com/wp-content/uploads/headshots/nba/latest/260x190/1627750.png
1631099,Keegan Murray,2000-08-19T00:00:00,13,Kings,Forward,4,West,https://ak-static.cms.nba.com/wp-content/uploads/headshots/nba/latest/260x190/1631099.png
1631200,Kris Murray,2000-08-19T00:00:00,24,Trail Blazers,Forward,23,West,https://ak-static.cms.nba.com/wp-content/uploads/headshots/nba/latest/260x190/1631200.png
1629004,Svi Mykhailiuk,1997-06-10T00:00:00,19,Jazz,Guard-Forward,47,West,https://ak-static.cms.nba.com/wp-content/uploads/headshots/nba/latest/260x190/1629004.png
1631250,Pete Nance,2000-02-19T00:00:00,35,Bucks,Forward,Undrafted,East,https://ak-static.cms.nba.com/wp-content/uploads/headshots/nba/latest/260x190/1631250.png
1626204,Larry Nance Jr.,1993-01-01T00:00:00,22,Hawks,Forward-Center,27,East,https://ak-static.cms.nba.com/wp-content/uploads/headshots/nba/latest/260x190/1626204.png
1629614,Andrew Nembhard,2000-01-16T00:00:00,2,Pacers,Guard-Forward,31,East,https://ak-static.cms.nba.com/wp-content/uploads/headshots/nba/latest/260x190/1629614.png
1630174,Aaron Nesmith,1999-10-16T00:00:00,23,Pacers,Guard-Forward,14,East,https://ak-static.cms.nba.com/wp-content/uploads/headshots/nba/latest/260x190/1630174.png
1641803,Tristen Newton,2001-04-26T00:00:00,13,Timberwolves,Guard,49,West,https://ak-static.cms.nba.com/wp-content/uploads/headshots/nba/latest/260x190/1641803.png
1627777,Georges Niang,1993-06-17T00:00:00,20,Hawks,Forward,50,East,https://ak-static.cms.nba.com/wp-content/uploads/headshots/nba/latest/260x190/1627777.png
1630227,Daishen Nix,2002-02-13T00:00:00,,,Guard,Undrafted,,https://ak-static.cms.nba.com/wp-content/uploads/headshots/nba/latest/260x190/1630227.png
1630192,Zeke Nnaji,2001-01-09T00:00:00,22,Nuggets,Forward-Center,22,West,https://ak-static.cms.nba.com/wp-content/uploads/headshots/nba/latest/260x190/1630192.png
1641936,Miles Norris,2000-04-15T00:00:00,0,Celtics,Forward,Undrafted,East,https://ak-static.cms.nba.com/wp-content/uploads/headshots/nba/latest/260x190/1641936.png
1629669,Jaylen Nowell,1999-07-09T00:00:00,,,Guard,43,,https://ak-static.cms.nba.com/wp-content/uploads/headshots/nba/latest/260x190/1629669.png
203994,Jusuf Nurkić,1994-08-23T00:00:00,11,Hornets,Center,16,East,https://ak-static.cms.nba.com/wp-content/uploads/headshots/nba/latest/260x190/203994.png
1626220,Royce O'Neale,1993-06-05T00:00:00,00,Suns,Forward,Undrafted,West,https://ak-static.cms.nba.com/wp-content/uploads/headshots/nba/latest/260x190/1626220.png
1626143,Jahlil Okafor,1995-12-15T00:00:00,,,Center-Forward,3,,https://ak-static.cms.nba.com/wp-content/uploads/headshots/nba/latest/260x190/1626143.png
1629643,Chuma Okeke,1998-08-18T00:00:00,3,Cavaliers,Forward,16,East,https://ak-static.cms.nba.com/wp-content/uploads/headshots/nba/latest/260x190/1629643.png
1629006,Josh Okogie,1998-09-01T00:00:00,12,Hornets,Guard,20,East,https://ak-static.cms.nba.com/wp-content/uploads/headshots/nba/latest/260x190/1629006.png
1630168,Onyeka Okongwu,2000-12-11T00:00:00,17,Hawks,Forward-Center,6,East,https://ak-static.cms.nba.com/wp-content/uploads/headshots/nba/latest/260x190/1630168.png
1630171,Isaac Okoro,2001-01-26T00:00:00,35,Cavaliers,Forward-Guard,5,East,https://ak-static.cms.nba.com/wp-content/uploads/headshots/nba/latest/260x190/1630171.png
1642439,Quincy Olivari,2001-05-27T00:00:00,,,Guard,Undrafted,,https://ak-static.cms.nba.com/wp-content/uploads/headshots/nba/latest/260x190/1642439.png
203482,Kelly Olynyk,1991-04-19T00:00:00,13,Pelicans,Forward-Center,13,West,https://ak-static.cms.nba.com/wp-content/uploads/headshots/nba/latest/260x190/203482.png
1626162,Kelly Oubre Jr.,1995-12-09T00:00:00,9,76ers,Forward-Guard,15,East,https://ak-static.cms.nba.com/wp-content/uploads/headshots/nba/latest/260x190/1626162.png
101108,Chris Paul,1985-05-06T00:00:00,3,Spurs,Guard,4,West,https://ak-static.cms.nba.com/wp-content/uploads/headshots/nba/latest/260x190/101108.png
1626166,Cameron Payne,1994-08-08T00:00:00,1,Knicks,Guard,14,East,https://ak-static.cms.nba.com/wp-content/uploads/headshots/nba/latest/260x190/1626166.png
203901,Elfrid Payton,1994-02-22T00:00:00,4,Pelicans,Guard,10,West,https://ak-static.cms.nba.com/wp-content/uploads/headshots/nba/latest/260x190/203901.png
1627780,Gary Payton II,1992-12-01T00:00:00,0,Warriors,Guard,Undrafted,West,https://ak-static.cms.nba.com/wp-content/uploads/headshots/nba/latest/260x190/1627780.png
1641809,Drew Peterson,1999-11-09T00:00:00,13,Celtics,Forward,Undrafted,East,https://ak-static.cms.nba.com/wp-content/uploads/headshots/nba/latest/260x190/1641809.png
1641763,Julian Phillips,2003-11-05T00:00:00,15,Bulls,Forward,35,East,https://ak-static.cms.nba.com/wp-content/uploads/headshots/nba/latest/260x190/1641763.png
1629618,Jalen Pickett,1999-10-22T00:00:00,24,Nuggets,Guard,32,West,https://ak-static.cms.nba.com/wp-content/uploads/headshots/nba/latest/260x190/1629618.png
1630590,Scotty Pippen Jr.,2000-11-10T00:00:00,1,Grizzlies,Guard,Undrafted,West,https://ak-static.cms.nba.com/wp-content/uploads/headshots/nba/latest/260x190/1630590.png
1631342,Daeqwon Plowden,1998-08-29T00:00:00,29,Hawks,Guard-Forward,Undrafted,East,https://ak-static.cms.nba.com/wp-content/uploads/headshots/nba/latest/260x190/1631342.png
203486,Mason Plumlee,1990-03-05T00:00:00,22,Suns,Forward-Center,22,West,https://ak-static.cms.nba.com/wp-content/uploads/headshots/nba/latest/260x190/203486.png
1641764,Brandin Podziemski,2003-02-25T00:00:00,2,Warriors,Guard,19,West,https://ak-static.cms.nba.com/wp-content/uploads/headshots/nba/latest/260x190/1641764.png
1627751,Jakob Poeltl,1995-10-15T00:00:00,19,Raptors,Center,9,East,https://ak-static.cms.nba.com/wp-content/uploads/headshots/nba/latest/260x190/1627751.png
1629673,Jordan Poole,1999-06-19T00:00:00,13,Wizards,Guard,28,East,https://ak-static.cms.nba.com/wp-content/uploads/headshots/nba/latest/260x190/1629673.png
1641854,Craig Porter Jr.,2000-02-26T00:00:00,9,Cavaliers,Guard,Undrafted,East,https://ak-static.cms.nba.com/wp-content/uploads/headshots/nba/latest/260x190/1641854.png
1629645,Kevin Porter Jr.,2000-05-04T00:00:00,3,Bucks,Guard-Forward,30,East,https://ak-static.cms.nba.com/wp-content/uploads/headshots/nba/latest/260x190/1629645.png
1629008,Michael Porter Jr.,1998-06-29T00:00:00,1,Nuggets,Forward,14,West,https://ak-static.cms.nba.com/wp-content/uploads/headshots/nba/latest/260x190/1629008.png
1626171,Bobby Portis,1995-02-10T00:00:00,9,Bucks,Forward,22,East,https://ak-static.cms.nba.com/wp-content/uploads/headshots/nba/latest/260x190/1626171.png
204001,Kristaps Porziņģis,1995-08-02T00:00:00,8,Celtics,Forward-Center,4,East,https://ak-static.cms.nba.com/wp-content/uploads/headshots/nba/latest/260x190/204001.png
1642366,Quinten Post,2000-03-21T00:00:00,21,Warriors,Center,52,West,https://ak-static.cms.nba.com/wp-content/uploads/headshots/nba/latest/260x190/1642366.png
1630695,Micah Potter,1998-04-06T00:00:00,25,Jazz,Center,Undrafted,West,https://ak-static.cms.nba.com/wp-content/uploads/headshots/nba/latest/260x190/1630695.png
203939,Dwight Powell,1991-07-20T00:00:00,7,Mavericks,Forward-Center,45,West,https://ak-static.cms.nba.com/wp-content/uploads/headshots/nba/latest/260x190/203939.png
1626181,Norman Powell,1993-05-25T00:00:00,24,Clippers,Guard,46,West,https://ak-static.cms.nba.com/wp-content/uploads/headshots/nba/latest/260x190/1626181.png
1627752,Taurean Prince,1994-03-22T00:00:00,12,Bucks,Forward,12,East,https://ak-static.cms.nba.com/wp-content/uploads/headshots/nba/latest/260x190/1627752.png
1630202,Payton Pritchard,1998-01-28T00:00:00,11,Celtics,Guard,26,East,https://ak-static.cms.nba.com/wp-content/uploads/headshots/nba/latest/260x190/1630202.png
1641765,Olivier-Maxence Prosper,2002-07-03T00:00:00,8,Mavericks,Forward,24,West,https://ak-static.cms.nba.com/wp-content/uploads/headshots/nba/latest/260x190/1641765.png
1642389,Zyon Pullin,2001-03-03T00:00:00,,Grizzlies,Guard,Undrafted,West,https://ak-static.cms.nba.com/wp-content/uploads/headshots/nba/latest/260x190/1642389.png
1630243,Trevelin Queen,1997-02-25T00:00:00,12,Magic,Guard,Undrafted,East,https://ak-static.cms.nba.com/wp-content/uploads/headshots/nba/latest/260x190/1630243.png
1629674,Neemias Queta,1999-07-13T00:00:00,88,Celtics,Center,39,East,https://ak-static.cms.nba.com/wp-content/uploads/headshots/nba/latest/260x190/1629674.png
1630193,Immanuel Quickley,1999-06-17T00:00:00,5,Raptors,Guard,25,East,https://ak-static.cms.nba.com/wp-content/uploads/headshots/nba/latest/260x190/1630193.png
1631311,Lester Quinones,2000-11-16T00:00:00,22,Pelicans,Guard,Undrafted,West,https://ak-static.cms.nba.com/wp-content/uploads/headshots/nba/latest/260x190/1631311.png
203944,Julius Randle,1994-11-29T00:00:00,30,Timberwolves,Forward-Center,7,West,https://ak-static.cms.nba.com/wp-content/uploads/headshots/nba/latest/260x190/203944.png
1641871,Duop Reath,1996-06-26T00:00:00,26,Trail Blazers,Center,Undrafted,West,https://ak-static.cms.nba.com/wp-content/uploads/headshots/nba/latest/260x190/1641871.png
1630559,Austin Reaves,1998-05-29T00:00:00,15,Lakers,Guard,Undrafted,West,https://ak-static.cms.nba.com/wp-content/uploads/headshots/nba/latest/260x190/1630559.png
1629629,Cam Reddish,1999-09-01T00:00:00,,,Forward-Guard,10,,https://ak-static.cms.nba.com/wp-content/uploads/headshots/nba/latest/260x190/1629629.png
1630194,Paul Reed,1999-06-14T00:00:00,7,Pistons,Forward,58,East,https://ak-static.cms.nba.com/wp-content/uploads/headshots/nba/latest/260x190/1630194.png
1642024,Alex Reese,1999-05-21T00:00:00,65,76ers,Forward-Center,Undrafted,East,https://ak-static.cms.nba.com/wp-content/uploads/headshots/nba/latest/260x190/1642024.png
1641810,Antonio Reeves,2002-11-20T00:00:00,12,Pelicans,Guard,47,West,https://ak-static.cms.nba.com/wp-content/uploads/headshots/nba/latest/260x190/1641810.png
1629675,Naz Reid,1999-08-26T00:00:00,11,Timberwolves,Center-Forward,Undrafted,West,https://ak-static.cms.nba.com/wp-content/uploads/headshots/nba/latest/260x190/1629675.png
1631197,Jared Rhoden,1999-08-27T00:00:00,8,Raptors,Guard,Undrafted,East,https://ak-static.cms.nba.com/wp-content/uploads/headshots/nba/latest/260x190/1631197.png
1630208,Nick Richards,1997-11-29T00:00:00,2,Suns,Center,42,West,https://ak-static.cms.nba.com/wp-content/uploads/headshots/nba/latest/260x190/1630208.png
1626196,Josh Richardson,1993-09-15T00:00:00,,,Guard,40,,https://ak-static.cms.nba.com/wp-content/uploads/headshots/nba/latest/260x190/1626196.png
1642258,Zaccharie Risacher,2005-04-08T00:00:00,10,Hawks,Forward,1,East,https://ak-static.cms.nba.com/wp-content/uploads/headshots/nba/latest/260x190/1642258.png
1641857,Liam Robbins,1999-07-12T00:00:00,,,Center,Undrafted,,https://ak-static.cms.nba.com/wp-content/uploads/headshots/nba/latest/260x190/1641857.png
1629130,Duncan Robinson,1994-04-22T00:00:00,55,Heat,Forward,Undrafted,East,https://ak-static.cms.nba.com/wp-content/uploads/headshots/nba/latest/260x190/1629130.png
1629011,Mitchell Robinson,1998-04-01T00:00:00,23,Knicks,Center-Forward,36,East,https://ak-static.cms.nba.com/wp-content/uploads/headshots/nba/latest/260x190/1629011.png
1631115,Orlando Robinson,2000-07-10T00:00:00,21,Raptors,Center,Undrafted,East,https://ak-static.cms.nba.com/wp-content/uploads/headshots/nba/latest/260x190/1631115.png
1630526,Jeremiah Robinson-Earl,2000-11-03T00:00:00,50,Pelicans,Forward,32,West,https://ak-static.cms.nba.com/wp-content/uploads/headshots/nba/latest/260x190/1630526.png
1631223,David Roddy,2001-03-27T00:00:00,45,Rockets,Forward,23,West,https://ak-static.cms.nba.com/wp-content/uploads/headshots/nba/latest/260x190/1631223.png
1631157,Ryan Rollins,2002-07-03T00:00:00,13,Bucks,Guard,44,East,https://ak-static.cms.nba.com/wp-content/uploads/headshots/nba/latest/260x190/1631157.png
1642050,Jackson Rowe,1997-01-04T00:00:00,44,Warriors,Forward,Undrafted,West,https://ak-static.cms.nba.com/wp-content/uploads/headshots/nba/latest/260x190/1642050.png
1626179,Terry Rozier,1994-03-17T00:00:00,2,Heat,Guard,16,East,https://ak-static.cms.nba.com/wp-content/uploads/headshots/nba/latest/260x190/1626179.png
1641712,Rayan Rupert,2004-05-31T00:00:00,21,Trail Blazers,Guard-Forward,43,West,https://ak-static.cms.nba.com/wp-content/uploads/headshots/nba/latest/260x190/1641712.png
1626156,D'Angelo Russell,1996-02-23T00:00:00,1,Nets,Guard,2,East,https://ak-static.cms.nba.com/wp-content/uploads/headshots/nba/latest/260x190/1626156.png
1630346,Matt Ryan,1997-04-17T00:00:00,,,Forward,Undrafted,,https://ak-static.cms.nba.com/wp-content/uploads/headshots/nba/latest/260x190/1630346.png
1627734,Domantas Sabonis,1996-05-03T00:00:00,11,Kings,Forward-Center,11,West,https://ak-static.cms.nba.com/wp-content/uploads/headshots/nba/latest/260x190/1627734.png
1642275,Tidjane Salaün,2005-08-10T00:00:00,31,Hornets,Forward,6,East,https://ak-static.cms.nba.com/wp-content/uploads/headshots/nba/latest/260x190/1642275.png
1641766,Adama Sanogo,2002-02-12T00:00:00,,,Forward,Undrafted,,https://ak-static.cms.nba.com/wp-content/uploads/headshots/nba/latest/260x190/1641766.png
1630611,Gui Santos,2002-06-22T00:00:00,15,Warriors,Forward,55,West,https://ak-static.cms.nba.com/wp-content/uploads/headshots/nba/latest/260x190/1630611.png
1642259,Alex Sarr,2005-04-26T00:00:00,20,Wizards,Center,2,East,https://ak-static.cms.nba.com/wp-content/uploads/headshots/nba/latest/260x190/1642259.png
1631204,Marcus Sasser,2000-09-21T00:00:00,25,Pistons,Guard,25,East,https://ak-static.cms.nba.com/wp-content/uploads/headshots/nba/latest/260x190/1631204.png
1631248,Baylor Scheierman,2000-09-26T00:00:00,55,Celtics,Guard,30,East,https://ak-static.cms.nba.com/wp-content/uploads/headshots/nba/latest/260x190/1631248.png
203471,Dennis Schröder,1993-09-15T00:00:00,17,Pistons,Guard,17,East,https://ak-static.cms.nba.com/wp-content/uploads/headshots/nba/latest/260x190/203471.png
1630578,Alperen Sengun,2002-07-25T00:00:00,28,Rockets,Center,16,West,https://ak-static.cms.nba.com/wp-content/uploads/headshots/nba/latest/260x190/1630578.png
1641729,Brice Sensabaugh,2003-10-30T00:00:00,28,Jazz,Forward,28,West,https://ak-static.cms.nba.com/wp-content/uploads/headshots/nba/latest/260x190/1641729.png
1629012,Collin Sexton,1999-01-04T00:00:00,2,Jazz,Guard,8,West,https://ak-static.cms.nba.com/wp-content/uploads/headshots/nba/latest/260x190/1629012.png
1629013,Landry Shamet,1997-03-13T00:00:00,44,Knicks,Guard,26,East,https://ak-static.cms.nba.com/wp-content/uploads/headshots/nba/latest/260x190/1629013.png
1630545,Terrence Shannon Jr.,2000-07-30T00:00:00,00,Timberwolves,Guard-Forward,27,West,https://ak-static.cms.nba.com/wp-content/uploads/headshots/nba/latest/260x190/1630545.png
1630549,Day'Ron Sharpe,2001-11-06T00:00:00,20,Nets,Center,29,East,https://ak-static.cms.nba.com/wp-content/uploads/headshots/nba/latest/260x190/1630549.png
1631101,Shaedon Sharpe,2003-05-30T00:00:00,17,Trail Blazers,Guard,7,West,https://ak-static.cms.nba.com/wp-content/uploads/headshots/nba/latest/260x190/1631101.png
1642347,Jamal Shead,2002-07-24T00:00:00,23,Raptors,Guard,45,East,https://ak-static.cms.nba.com/wp-content/uploads/headshots/nba/latest/260x190/1642347.png
1641767,Ben Sheppard,2001-07-16T00:00:00,26,Pacers,Guard,26,East,https://ak-static.cms.nba.com/wp-content/uploads/headshots/nba/latest/260x190/1641767.png
1642263,Reed Sheppard,2004-06-24T00:00:00,15,Rockets,Guard,3,West,https://ak-static.cms.nba.com/wp-content/uploads/headshots/nba/latest/260x190/1642263.png
1627783,Pascal Siakam,1994-04-02T00:00:00,43,Pacers,Forward,27,East,https://ak-static.cms.nba.com/wp-content/uploads/headshots/nba/latest/260x190/1627783.png
1627732,Ben Simmons,1996-07-20T00:00:00,25,Clippers,Guard-Forward,1,West,https://ak-static.cms.nba.com/wp-content/uploads/headshots/nba/latest/260x190/1627732.png
1629014,Anfernee Simons,1999-06-08T00:00:00,1,Trail Blazers,Guard,24,West,https://ak-static.cms.nba.com/wp-content/uploads/headshots/nba/latest/260x190/1629014.png
1642354,KJ Simpson,2002-08-08T00:00:00,25,Hornets,Guard,42,East,https://ak-static.cms.nba.com/wp-content/uploads/headshots/nba/latest/260x190/1642354.png
1631301,Jaylen Sims,1998-12-11T00:00:00,30,Hornets,Guard,Undrafted,East,https://ak-static.cms.nba.com/wp-content/uploads/headshots/nba/latest/260x190/1631301.png
1630579,Jericho Sims,1998-10-20T00:00:00,00,Bucks,Center,58,East,https://ak-static.cms.nba.com/wp-content/uploads/headshots/nba/latest/260x190/1630579.png
203935,Marcus Smart,1994-03-06T00:00:00,36,Wizards,Guard,6,East,https://ak-static.cms.nba.com/wp-content/uploads/headshots/nba/latest/260x190/203935.png
1630696,Dru Smith,1997-12-30T00:00:00,12,Heat,Guard,Undrafted,East,https://ak-static.cms.nba.com/wp-content/uploads/headshots/nba/latest/260x190/1630696.png
1630188,Jalen Smith,2000-03-16T00:00:00,7,Bulls,Forward-Center,10,East,https://ak-static.cms.nba.com/wp-content/uploads/headshots/nba/latest/260x190/1630188.png
1642449,Tolu Smith,2000-07-26T00:00:00,35,Pistons,Forward,Undrafted,East,https://ak-static.cms.nba.com/wp-content/uploads/headshots/nba/latest/260x190/1642449.png
1641890,Tyler Smith,2004-11-02T00:00:00,21,Bucks,Forward,33,East,https://ak-static.cms.nba.com/wp-content/uploads/headshots/nba/latest/260x190/1641890.png
1631095,Jabari Smith Jr.,2003-05-13T00:00:00,10,Rockets,Forward,3,West,https://ak-static.cms.nba.com/wp-content/uploads/headshots/nba/latest/260x190/1631095.png
1641733,Nick Smith Jr.,2004-04-18T00:00:00,8,Hornets,Guard,27,East,https://ak-static.cms.nba.com/wp-content/uploads/headshots/nba/latest/260x190/1641733.png
1631110,Jeremy Sochan,2003-05-20T00:00:00,10,Spurs,Forward,9,West,https://ak-static.cms.nba.com/wp-content/uploads/headshots/nba/latest/260x190/1631110.png
1642285,Cam Spencer,2000-04-06T00:00:00,24,Grizzlies,Guard,53,West,https://ak-static.cms.nba.com/wp-content/uploads/headshots/nba/latest/260x190/1642285.png
1630311,Pat Spencer,1996-07-04T00:00:00,61,Warriors,Guard,Undrafted,West,https://ak-static.cms.nba.com/wp-content/uploads/headshots/nba/latest/260x190/1630311.png
1630531,Jaden Springer,2002-09-25T00:00:00,11,Jazz,Guard,28,West,https://ak-static.cms.nba.com/wp-content/uploads/headshots/nba/latest/260x190/1630531.png
1641815,Isaiah Stevens,2000-11-01T00:00:00,,Heat,Guard,Undrafted,East,https://ak-static.cms.nba.com/wp-content/uploads/headshots/nba/latest/260x190/1641815.png
1630205,Lamar Stevens,1997-07-09T00:00:00,8,Grizzlies,Forward,Undrafted,West,https://ak-static.cms.nba.com/wp-content/uploads/headshots/nba/latest/260x190/1630205.png
1630191,Isaiah Stewart,2001-05-22T00:00:00,28,Pistons,Forward-Center,16,East,https://ak-static.cms.nba.com/wp-content/uploads/headshots/nba/latest/260x190/1630191.png
1631124,Julian Strawther,2002-04-18T00:00:00,3,Nuggets,Guard,29,West,https://ak-static.cms.nba.com/wp-content/uploads/headshots/nba/latest/260x190/1631124.png
1629622,Max Strus,1996-03-28T00:00:00,1,Cavaliers,Guard-Forward,Undrafted,East,https://ak-static.cms.nba.com/wp-content/uploads/headshots/nba/latest/260x190/1629622.png
1630591,Jalen Suggs,2001-06-03T00:00:00,4,Magic,Guard,5,East,https://ak-static.cms.nba.com/wp-content/uploads/headshots/nba/latest/260x190/1630591.png
1631306,Cole Swider,1999-05-08T00:00:00,13,Raptors,Forward,Undrafted,East,https://ak-static.cms.nba.com/wp-content/uploads/headshots/nba/latest/260x190/1631306.png
1630256,Jae'Sean Tate,1995-10-28T00:00:00,8,Rockets,Forward,Undrafted,West,https://ak-static.cms.nba.com/wp-content/uploads/headshots/nba/latest/260x190/1630256.png
1628369,Jayson Tatum,1998-03-03T00:00:00,0,Celtics,Forward-Guard,3,East,https://ak-static.cms.nba.com/wp-content/uploads/headshots/nba/latest/260x190/1628369.png
1630678,Terry Taylor,1999-09-23T00:00:00,,,Forward,Undrafted,,https://ak-static.cms.nba.com/wp-content/uploads/headshots/nba/latest/260x190/1630678.png
202066,Garrett Temple,1986-05-08T00:00:00,17,Raptors,Guard-Forward,Undrafted,East,https://ak-static.cms.nba.com/wp-content/uploads/headshots/nba/latest/260x190/202066.png
1631207,Dalen Terry,2002-07-12T00:00:00,25,Bulls,Forward,18,East,https://ak-static.cms.nba.com/wp-content/uploads/headshots/nba/latest/260x190/1631207.png
1628464,Daniel Theis,1992-04-04T00:00:00,,,Forward-Center,Undrafted,,https://ak-static.cms.nba.com/wp-content/uploads/headshots/nba/latest/260x190/1628464.png
1630560,Cam Thomas,2001-10-13T00:00:00,24,Nets,Guard,27,East,https://ak-static.cms.nba.com/wp-content/uploads/headshots/nba/latest/260x190/1630560.png
1641708,Amen Thompson,2003-01-30T00:00:00,1,Rockets,Guard-Forward,4,West,https://ak-static.cms.nba.com/wp-content/uploads/headshots/nba/latest/260x190/1641708.png
1641709,Ausar Thompson,2003-01-30T00:00:00,9,Pistons,Guard-Forward,5,East,https://ak-static.cms.nba.com/wp-content/uploads/headshots/nba/latest/260x190/1641709.png
1630679,Ethan Thompson,1999-05-04T00:00:00,55,Magic,Guard,Undrafted,East,https://ak-static.cms.nba.com/wp-content/uploads/headshots/nba/latest/260x190/1630679.png
202691,Klay Thompson,1990-02-08T00:00:00,31,Mavericks,Guard,11,West,https://ak-static.cms.nba.com/wp-content/uploads/headshots/nba/latest/260x190/202691.png
202684,Tristan Thompson,1991-03-13T00:00:00,13,Cavaliers,Center-Forward,4,East,https://ak-static.cms.nba.com/wp-content/uploads/headshots/nba/latest/260x190/202684.png
1630550,JT Thor,2002-08-26T00:00:00,21,Wizards,Forward,37,East,https://ak-static.cms.nba.com/wp-content/uploads/headshots/nba/latest/260x190/1630550.png
1629680,Matisse Thybulle,1997-03-04T00:00:00,4,Trail Blazers,Guard-Forward,20,West,https://ak-static.cms.nba.com/wp-content/uploads/headshots/nba/latest/260x190/1629680.png
1630214,Xavier Tillman,1999-01-12T00:00:00,26,Celtics,Forward,35,East,https://ak-static.cms.nba.com/wp-content/uploads/headshots/nba/latest/260x190/1630214.png
1631166,Drew Timme,2000-09-09T00:00:00,26,Nets,Forward,Undrafted,East,https://ak-static.cms.nba.com/wp-content/uploads/headshots/nba/latest/260x190/1631166.png
1641772,Nae'Qwan Tomlin,2000-12-19T00:00:00,30,Cavaliers,Forward,Undrafted,East,https://ak-static.cms.nba.com/wp-content/uploads/headshots/nba/latest/260x190/1641772.png
1642260,Nikola Topić,2005-08-10T00:00:00,44,Thunder,Guard,12,West,https://ak-static.cms.nba.com/wp-content/uploads/headshots/nba/latest/260x190/1642260.png
1631210,Jacob Toppin,2000-05-08T00:00:00,00,Hawks,Forward,Undrafted,East,https://ak-static.cms.nba.com/wp-content/uploads/headshots/nba/latest/260x190/1631210.png
1630167,Obi Toppin,1998-03-04T00:00:00,1,Pacers,Forward,8,East,https://ak-static.cms.nba.com/wp-content/uploads/headshots/nba/latest/260x190/1630167.png
1626157,Karl-Anthony Towns,1995-11-15T00:00:00,32,Knicks,Center-Forward,1,East,https://ak-static.cms.nba.com/wp-content/uploads/headshots/nba/latest/260x190/1626157.png
1642422,Armel Traoré,2003-01-23T00:00:00,,,Forward,Undrafted,,https://ak-static.cms.nba.com/wp-content/uploads/headshots/nba/latest/260x190/1642422.png
1631247,Luke Travers,2001-09-03T00:00:00,33,Cavaliers,Forward,56,East,https://ak-static.cms.nba.com/wp-content/uploads/headshots/nba/latest/260x190/1631247.png
1629018,Gary Trent Jr.,1999-01-18T00:00:00,5,Bucks,Guard,37,East,https://ak-static.cms.nba.com/wp-content/uploads/headshots/nba/latest/260x190/1629018.png
1631131,Oscar Tshiebwe,1999-11-27T00:00:00,34,Jazz,Forward-Center,Undrafted,West,https://ak-static.cms.nba.com/wp-content/uploads/headshots/nba/latest/260x190/1631131.png
200782,P.J. Tucker,1985-05-05T00:00:00,,Knicks,Forward,35,East,https://ak-static.cms.nba.com/wp-content/uploads/headshots/nba/latest/260x190/200782.png
1626167,Myles Turner,1996-03-24T00:00:00,33,Pacers,Center-Forward,11,East,https://ak-static.cms.nba.com/wp-content/uploads/headshots/nba/latest/260x190/1626167.png
1641816,Hunter Tyson,2000-06-13T00:00:00,5,Nuggets,Forward,37,West,https://ak-static.cms.nba.com/wp-content/uploads/headshots/nba/latest/260x190/1641816.png
1642281,Jaylon Tyson,2002-12-02T00:00:00,24,Cavaliers,Guard-Forward,20,East,https://ak-static.cms.nba.com/wp-content/uploads/headshots/nba/latest/260x190/1642281.png
1630649,Stanley Umude,1999-04-12T00:00:00,17,Bucks,Guard,Undrafted,East,https://ak-static.cms.nba.com/wp-content/uploads/headshots/nba/latest/260x190/1630649.png
202685,Jonas Valančiūnas,1992-05-06T00:00:00,17,Kings,Center,5,West,https://ak-static.cms.nba.com/wp-content/uploads/headshots/nba/latest/260x190/202685.png
1627832,Fred VanVleet,1994-02-25T00:00:00,5,Rockets,Guard,Undrafted,West,https://ak-static.cms.nba.com/wp-content/uploads/headshots/nba/latest/260x190/1627832.png
1629020,Jarred Vanderbilt,1999-04-03T00:00:00,2,Lakers,Forward,41,West,https://ak-static.cms.nba.com/wp-content/uploads/headshots/nba/latest/260x190/1629020.png
1630170,Devin Vassell,2000-08-23T00:00:00,24,Spurs,Guard-Forward,11,West,https://ak-static.cms.nba.com/wp-content/uploads/headshots/nba/latest/260x190/1630170.png
1629216,Gabe Vincent,1996-06-14T00:00:00,7,Lakers,Guard,Undrafted,West,https://ak-static.cms.nba.com/wp-content/uploads/headshots/nba/latest/260x190/1629216.png
1641774,Tristan Vukcevic,2003-03-11T00:00:00,00,Wizards,Forward,42,East,https://ak-static.cms.nba.com/wp-content/uploads/headshots/nba/latest/260x190/1641774.png
202696,Nikola Vučević,1990-10-24T00:00:00,9,Bulls,Center,16,East,https://ak-static.cms.nba.com/wp-content/uploads/headshots/nba/latest/260x190/202696.png
1629731,Dean Wade,1996-11-20T00:00:00,32,Cavaliers,Forward-Center,Undrafted,East,https://ak-static.cms.nba.com/wp-content/uploads/headshots/nba/latest/260x190/1629731.png
1630532,Franz Wagner,2001-08-27T00:00:00,22,Magic,Forward,8,East,https://ak-static.cms.nba.com/wp-content/uploads/headshots/nba/latest/260x190/1630532.png
1629021,Moritz Wagner,1997-04-26T00:00:00,21,Magic,Forward-Center,25,East,https://ak-static.cms.nba.com/wp-content/uploads/headshots/nba/latest/260x190/1629021.png
1631133,Jabari Walker,2002-07-30T00:00:00,34,Trail Blazers,Forward,57,West,https://ak-static.cms.nba.com/wp-content/uploads/headshots/nba/latest/260x190/1631133.png
1641716,Jarace Walker,2003-09-04T00:00:00,5,Pacers,Forward,8,East,https://ak-static.cms.nba.com/wp-content/uploads/headshots/nba/latest/260x190/1641716.png
1629022,Lonnie Walker IV,1998-12-14T00:00:00,16,76ers,Guard-Forward,18,East,https://ak-static.cms.nba.com/wp-content/uploads/headshots/nba/latest/260x190/1629022.png
1641717,Cason Wallace,2003-11-07T00:00:00,22,Thunder,Guard,10,West,https://ak-static.cms.nba.com/wp-content/uploads/headshots/nba/latest/260x190/1641717.png
1630811,Keaton Wallace,1999-02-26T00:00:00,2,Hawks,Guard,Undrafted,East,https://ak-static.cms.nba.com/wp-content/uploads/headshots/nba/latest/260x190/1630811.png
1641775,Jordan Walsh,2004-03-03T00:00:00,27,Celtics,Guard,38,East,https://ak-static.cms.nba.com/wp-content/uploads/headshots/nba/latest/260x190/1641775.png
1642266,Ja'Kobe Walter,2004-09-04T00:00:00,14,Raptors,Guard,19,East,https://ak-static.cms.nba.com/wp-content/uploads/headshots/nba/latest/260x190/1642266.png
1642276,Kel'el Ware,2004-04-20T00:00:00,7,Heat,Center,15,East,https://ak-static.cms.nba.com/wp-content/uploads/headshots/nba/latest/260x190/1642276.png
1629023,P.J. Washington,1998-08-23T00:00:00,25,Mavericks,Forward,12,West,https://ak-static.cms.nba.com/wp-content/uploads/headshots/nba/latest/260x190/1629023.png
1631102,TyTy Washington Jr.,2001-11-15T00:00:00,14,Suns,Guard,29,West,https://ak-static.cms.nba.com/wp-content/uploads/headshots/nba/latest/260x190/1631102.png
1630322,Lindy Waters III,1997-07-28T00:00:00,43,Pistons,Forward,Undrafted,East,https://ak-static.cms.nba.com/wp-content/uploads/headshots/nba/latest/260x190/1630322.png
1630570,Trendon Watford,2000-11-09T00:00:00,9,Nets,Guard-Forward,Undrafted,East,https://ak-static.cms.nba.com/wp-content/uploads/headshots/nba/latest/260x190/1630570.png
1641817,Anton Watson,2000-10-06T00:00:00,28,Knicks,Forward,54,East,https://ak-static.cms.nba.com/wp-content/uploads/headshots/nba/latest/260x190/1641817.png
1631212,Peyton Watson,2002-09-11T00:00:00,8,Nuggets,Guard,30,West,https://ak-static.cms.nba.com/wp-content/uploads/headshots/nba/latest/260x190/1631212.png
1642377,Jaylen Wells,2003-08-26T00:00:00,0,Grizzlies,Forward,39,West,https://ak-static.cms.nba.com/wp-content/uploads/headshots/nba/latest/260x190/1642377.png
1641705,Victor Wembanyama,2004-01-04T00:00:00,1,Spurs,Forward-Center,1,West,https://ak-static.cms.nba.com/wp-content/uploads/headshots/nba/latest/260x190/1641705.png
1631104,Blake Wesley,2003-03-16T00:00:00,14,Spurs,Guard,25,West,https://ak-static.cms.nba.com/wp-content/uploads/headshots/nba/latest/260x190/1631104.png
201566,Russell Westbrook,1988-11-12T00:00:00,4,Nuggets,Guard,4,West,https://ak-static.cms.nba.com/wp-content/uploads/headshots/nba/latest/260x190/201566.png
1630762,Phillip Wheeler,2002-04-23T00:00:00,,,Forward,Undrafted,,https://ak-static.cms.nba.com/wp-content/uploads/headshots/nba/latest/260x190/1630762.png
1629632,Coby White,2000-02-16T00:00:00,0,Bulls,Guard,7,East,https://ak-static.cms.nba.com/wp-content/uploads/headshots/nba/latest/260x190/1629632.png
1628401,Derrick White,1994-07-02T00:00:00,9,Celtics,Guard,29,East,https://ak-static.cms.nba.com/wp-content/uploads/headshots/nba/latest/260x190/1628401.png
1641727,Dariq Whitehead,2004-08-01T00:00:00,0,Nets,Guard-Forward,22,East,https://ak-static.cms.nba.com/wp-content/uploads/headshots/nba/latest/260x190/1641727.png
1641715,Cam Whitmore,2004-07-08T00:00:00,7,Rockets,Forward,20,West,https://ak-static.cms.nba.com/wp-content/uploads/headshots/nba/latest/260x190/1641715.png
1630598,Aaron Wiggins,1999-01-02T00:00:00,21,Thunder,Guard,55,West,https://ak-static.cms.nba.com/wp-content/uploads/headshots/nba/latest/260x190/1630598.png
203952,Andrew Wiggins,1995-02-23T00:00:00,22,Heat,Forward,1,East,https://ak-static.cms.nba.com/wp-content/uploads/headshots/nba/latest/260x190/203952.png
1631214,Alondes Williams,1999-06-19T00:00:00,,,Guard,Undrafted,,https://ak-static.cms.nba.com/wp-content/uploads/headshots/nba/latest/260x190/1631214.png
1630314,Brandon Williams,1999-11-22T00:00:00,10,Mavericks,Guard,Undrafted,West,https://ak-static.cms.nba.com/wp-content/uploads/headshots/nba/latest/260x190/1630314.png
1642262,Cody Williams,2004-11-20T00:00:00,5,Jazz,Forward,10,West,https://ak-static.cms.nba.com/wp-content/uploads/headshots/nba/latest/260x190/1642262.png
1629684,Grant Williams,1998-11-30T00:00:00,2,Hornets,Forward,22,East,https://ak-static.cms.nba.com/wp-content/uploads/headshots/nba/latest/260x190/1629684.png
1631114,Jalen Williams,2001-04-14T00:00:00,8,Thunder,Guard-Forward,12,West,https://ak-static.cms.nba.com/wp-content/uploads/headshots/nba/latest/260x190/1631114.png
1631119,Jaylin Williams,2002-06-29T00:00:00,6,Thunder,Forward,34,West,https://ak-static.cms.nba.com/wp-content/uploads/headshots/nba/latest/260x190/1631119.png
1629026,Kenrich Williams,1994-12-02T00:00:00,34,Thunder,Guard-Forward,Undrafted,West,https://ak-static.cms.nba.com/wp-content/uploads/headshots/nba/latest/260x190/1629026.png
1631109,Mark Williams,2001-12-16T00:00:00,5,Hornets,Center,15,East,https://ak-static.cms.nba.com/wp-content/uploads/headshots/nba/latest/260x190/1631109.png
1631466,Nate Williams,1999-02-12T00:00:00,19,Rockets,Guard,Undrafted,West,https://ak-static.cms.nba.com/wp-content/uploads/headshots/nba/latest/260x190/1631466.png
1630172,Patrick Williams,2001-08-26T00:00:00,44,Bulls,Forward,4,East,https://ak-static.cms.nba.com/wp-content/uploads/headshots/nba/latest/260x190/1630172.png
1630533,Ziaire Williams,2001-09-12T00:00:00,8,Nets,Forward,10,East,https://ak-static.cms.nba.com/wp-content/uploads/headshots/nba/latest/260x190/1630533.png
1629057,Robert Williams III,1997-10-17T00:00:00,35,Trail Blazers,Center-Forward,27,West,https://ak-static.cms.nba.com/wp-content/uploads/headshots/nba/latest/260x190/1629057.png
1631246,Vince Williams Jr.,2000-08-30T00:00:00,5,Grizzlies,Guard,47,West,https://ak-static.cms.nba.com/wp-content/uploads/headshots/nba/latest/260x190/1631246.png
1629627,Zion Williamson,2000-07-06T00:00:00,1,Pelicans,Forward,1,West,https://ak-static.cms.nba.com/wp-content/uploads/headshots/nba/latest/260x190/1629627.png
1630592,Jalen Wilson,2000-11-04T00:00:00,22,Nets,Forward,51,East,https://ak-static.cms.nba.com/wp-content/uploads/headshots/nba/latest/260x190/1630592.png
1630164,James Wiseman,2001-03-31T00:00:00,,,Center,2,,https://ak-static.cms.nba.com/wp-content/uploads/headshots/nba/latest/260x190/1630164.png
1631209,Isaiah Wong,2001-01-28T00:00:00,,,Guard,55,,https://ak-static.cms.nba.com/wp-content/uploads/headshots/nba/latest/260x190/1631209.png
1626153,Delon Wright,1992-04-26T00:00:00,0,Knicks,Guard,20,East,https://ak-static.cms.nba.com/wp-content/uploads/headshots/nba/latest/260x190/1626153.png
1627824,Guerschon Yabusele,1995-12-17T00:00:00,28,76ers,Forward,16,East,https://ak-static.cms.nba.com/wp-content/uploads/headshots/nba/latest/260x190/1627824.png
1642385,Cui Yongxi,2003-05-28T00:00:00,,,Forward,Undrafted,,https://ak-static.cms.nba.com/wp-content/uploads/headshots/nba/latest/260x190/1642385.png
1642443,Jahmir Young,2000-10-07T00:00:00,11,Bulls,Guard,Undrafted,East,https://ak-static.cms.nba.com/wp-content/uploads/headshots/nba/latest/260x190/1642443.png
1629027,Trae Young,1998-09-19T00:00:00,11,Hawks,Guard,5,East,https://ak-static.cms.nba.com/wp-content/uploads/headshots/nba/latest/260x190/1629027.png
1627826,Ivica Zubac,1997-03-18T00:00:00,40,Clippers,Center,32,West,https://ak-static.cms.nba.com/wp-content/uploads/headshots/nba/latest/260x190/1627826.png
1641783,Tristan da Silva,2001-05-15T00:00:00,23,Magic,Forward,18,East,https://ak-static.cms.nba.com/wp-content/uploads/headshots/nba/latest/260x190/1641783.png
1628427,Vlatko Čančar,1997-04-10T00:00:00,31,Nuggets,Forward,49,West,https://ak-static.cms.nba.com/wp-content/uploads/headshots/nba/latest/260x190/1628427.png
203967,Dario Šarić,1994-04-08T00:00:00,9,Nuggets,Forward-Center,12,West,https://ak-static.cms.nba.com/wp-content/uploads/headshots/nba/latest/260x190/203967.png
