PERSON_ID,DISPLAY_FIRST_LAST,BIRTHDATE,Age,JERSEY,TEAM_NAME,POSITION,DRAFT_NUMBER,TEAM_CONFERENCE,HEADSHOT
1630639,A.J. Lawson,7/15/2000,23,9,Mavericks,Guard,Undrafted,West,https://ak-static.cms.nba.com/wp-content/uploads/headshots/nba/latest/260x190/1630639.png
203932,Aaron Gordon,9/16/1995,28,50,Nuggets,Forward,4,West,https://ak-static.cms.nba.com/wp-content/uploads/headshots/nba/latest/260x190/203932.png
1628988,Aaron Holiday,9/30/1996,27,0,Rockets,Guard,23,West,https://ak-static.cms.nba.com/wp-content/uploads/headshots/nba/latest/260x190/1628988.png
1630174,Aaron Nesmith,10/16/1999,24,23,Pacers,Guard-Forward,14,East,https://ak-static.cms.nba.com/wp-content/uploads/headshots/nba/latest/260x190/1630174.png
1630598,Aaron Wiggins,1/2/1999,25,21,Thunder,Guard,55,West,https://ak-static.cms.nba.com/wp-content/uploads/headshots/nba/latest/260x190/1630598.png
1641745,Adam Flagler,12/1/1999,24,14,Thunder,Guard,Undrafted,West,https://ak-static.cms.nba.com/wp-content/uploads/headshots/nba/latest/260x190/1641745.png
1641766,Adama Sanogo,2/12/2002,22,21,Bulls,Forward,Undrafted,East,https://ak-static.cms.nba.com/wp-content/uploads/headshots/nba/latest/260x190/1641766.png
1629678,Admiral Schofield,3/30/1997,26,25,Magic,Forward,42,East,https://ak-static.cms.nba.com/wp-content/uploads/headshots/nba/latest/260x190/1629678.png
1631260,AJ Green,9/27/1999,24,20,Bucks,Guard,Undrafted,East,https://ak-static.cms.nba.com/wp-content/uploads/headshots/nba/latest/260x190/1631260.png
1631100,AJ Griffin,8/25/2003,20,14,Hawks,Forward,16,East,https://ak-static.cms.nba.com/wp-content/uploads/headshots/nba/latest/260x190/1631100.png
201143,Al Horford,6/3/1986,37,42,Celtics,Center-Forward,3,East,https://ak-static.cms.nba.com/wp-content/uploads/headshots/nba/latest/260x190/201143.png
202692,Alec Burks,7/20/1991,32,18,Knicks,Guard,12,East,https://ak-static.cms.nba.com/wp-content/uploads/headshots/nba/latest/260x190/202692.png
1630197,Aleksej Pokusevski,12/26/2001,22,17,Thunder,Forward,17,West,https://ak-static.cms.nba.com/wp-content/uploads/headshots/nba/latest/260x190/1630197.png
1627936,Alex Caruso,2/28/1994,29,6,Bulls,Guard,Undrafted,East,https://ak-static.cms.nba.com/wp-content/uploads/headshots/nba/latest/260x190/1627936.png
203458,Alex Len,6/16/1993,30,25,Kings,Center,5,West,https://ak-static.cms.nba.com/wp-content/uploads/headshots/nba/latest/260x190/203458.png
1631214,Alondes Williams,6/19/1999,24,31,Heat,Guard,Undrafted,East,https://ak-static.cms.nba.com/wp-content/uploads/headshots/nba/latest/260x190/1631214.png
1630578,Alperen Sengun,7/25/2002,21,28,Rockets,Center,16,West,https://ak-static.cms.nba.com/wp-content/uploads/headshots/nba/latest/260x190/1630578.png
1641735,Amari Bailey,2/17/2004,20,10,Hornets,Guard,41,East,https://ak-static.cms.nba.com/wp-content/uploads/headshots/nba/latest/260x190/1641735.png
1641708,Amen Thompson,1/30/2003,21,1,Rockets,Guard-Forward,4,West,https://ak-static.cms.nba.com/wp-content/uploads/headshots/nba/latest/260x190/1641708.png
1629599,Amir Coffey,6/17/1997,26,7,Clippers,Guard-Forward,Undrafted,West,https://ak-static.cms.nba.com/wp-content/uploads/headshots/nba/latest/260x190/1629599.png
203083,Andre Drummond,8/10/1993,30,3,Bulls,Center,9,East,https://ak-static.cms.nba.com/wp-content/uploads/headshots/nba/latest/260x190/203083.png
1641748,Andre Jackson Jr.,11/13/2001,22,44,Bucks,Guard,36,East,https://ak-static.cms.nba.com/wp-content/uploads/headshots/nba/latest/260x190/1641748.png
1629614,Andrew Nembhard,1/16/2000,24,2,Pacers,Guard-Forward,31,East,https://ak-static.cms.nba.com/wp-content/uploads/headshots/nba/latest/260x190/1629614.png
203952,Andrew Wiggins,2/23/1995,28,22,Warriors,Forward,1,West,https://ak-static.cms.nba.com/wp-content/uploads/headshots/nba/latest/260x190/203952.png
1629014,Anfernee Simons,6/8/1999,24,1,Trail Blazers,Guard,24,West,https://ak-static.cms.nba.com/wp-content/uploads/headshots/nba/latest/260x190/1629014.png
1641710,Anthony Black,1/20/2004,20,0,Magic,Guard,6,East,https://ak-static.cms.nba.com/wp-content/uploads/headshots/nba/latest/260x190/1641710.png
203076,Anthony Davis,3/11/1993,30,3,Lakers,Forward-Center,1,West,https://ak-static.cms.nba.com/wp-content/uploads/headshots/nba/latest/260x190/203076.png
1630162,Anthony Edwards,8/5/2001,22,5,Timberwolves,Guard,1,West,https://ak-static.cms.nba.com/wp-content/uploads/headshots/nba/latest/260x190/1630162.png
1630264,Anthony Gill,10/17/1992,31,16,Wizards,Forward,Undrafted,East,https://ak-static.cms.nba.com/wp-content/uploads/headshots/nba/latest/260x190/1630264.png
1641709,Ausar Thompson,1/30/2003,21,9,Pistons,Guard-Forward,5,East,https://ak-static.cms.nba.com/wp-content/uploads/headshots/nba/latest/260x190/1641709.png
1630559,Austin Reaves,5/29/1998,25,15,Lakers,Guard,Undrafted,West,https://ak-static.cms.nba.com/wp-content/uploads/headshots/nba/latest/260x190/1630559.png
1630245,Ayo Dosunmu,1/17/2000,24,12,Bulls,Guard,38,East,https://ak-static.cms.nba.com/wp-content/uploads/headshots/nba/latest/260x190/1630245.png
1628389,Bam Adebayo,7/18/1997,26,13,Heat,Center-Forward,14,East,https://ak-static.cms.nba.com/wp-content/uploads/headshots/nba/latest/260x190/1628389.png
1641767,Ben Sheppard,7/16/2001,22,26,Pacers,Guard,26,East,https://ak-static.cms.nba.com/wp-content/uploads/headshots/nba/latest/260x190/1641767.png
1627732,Ben Simmons,7/20/1996,27,10,Nets,Guard-Forward,1,East,https://ak-static.cms.nba.com/wp-content/uploads/headshots/nba/latest/260x190/1627732.png
1631097,Bennedict Mathurin,6/19/2002,21,00,Pacers,Guard-Forward,6,East,https://ak-static.cms.nba.com/wp-content/uploads/headshots/nba/latest/260x190/1631097.png
1641731,Bilal Coulibaly,7/26/2004,19,0,Wizards,Guard,7,East,https://ak-static.cms.nba.com/wp-content/uploads/headshots/nba/latest/260x190/1641731.png
202687,Bismack Biyombo,8/28/1992,31,15,Thunder,Center,7,West,https://ak-static.cms.nba.com/wp-content/uploads/headshots/nba/latest/260x190/202687.png
1631104,Blake Wesley,3/16/2003,20,14,Spurs,Guard,25,West,https://ak-static.cms.nba.com/wp-content/uploads/headshots/nba/latest/260x190/1631104.png
1626246,Boban Marjanovic,8/15/1988,35,51,Rockets,Center,Undrafted,West,https://ak-static.cms.nba.com/wp-content/uploads/headshots/nba/latest/260x190/1626246.png
1626171,Bobby Portis,2/10/1995,29,9,Bucks,Forward,22,East,https://ak-static.cms.nba.com/wp-content/uploads/headshots/nba/latest/260x190/1626171.png
203992,Bogdan Bogdanovic,8/18/1992,31,13,Hawks,Guard,27,East,https://ak-static.cms.nba.com/wp-content/uploads/headshots/nba/latest/260x190/203992.png
202711,Bojan Bogdanovic,4/18/1989,34,44,Knicks,Forward,31,East,https://ak-static.cms.nba.com/wp-content/uploads/headshots/nba/latest/260x190/202711.png
1629626,Bol Bol,11/16/1999,24,11,Suns,Center-Forward,44,West,https://ak-static.cms.nba.com/wp-content/uploads/headshots/nba/latest/260x190/1629626.png
1630538,Bones Hyland,9/14/2000,23,5,Clippers,Guard,26,West,https://ak-static.cms.nba.com/wp-content/uploads/headshots/nba/latest/260x190/1630538.png
203078,Bradley Beal,6/28/1993,30,3,Suns,Guard,3,West,https://ak-static.cms.nba.com/wp-content/uploads/headshots/nba/latest/260x190/203078.png
1641764,Brandin Podziemski,2/25/2003,20,2,Warriors,Guard,19,West,https://ak-static.cms.nba.com/wp-content/uploads/headshots/nba/latest/260x190/1641764.png
1630527,Brandon Boston Jr.,11/28/2001,22,4,Clippers,Guard,51,West,https://ak-static.cms.nba.com/wp-content/uploads/headshots/nba/latest/260x190/1630527.png
1629634,Brandon Clarke,9/19/1996,27,15,Grizzlies,Forward,21,West,https://ak-static.cms.nba.com/wp-content/uploads/headshots/nba/latest/260x190/1629634.png
1627742,Brandon Ingram,9/2/1997,26,14,Pelicans,Forward,2,West,https://ak-static.cms.nba.com/wp-content/uploads/headshots/nba/latest/260x190/1627742.png
1641706,Brandon Miller,11/22/2002,21,24,Hornets,Forward,2,East,https://ak-static.cms.nba.com/wp-content/uploads/headshots/nba/latest/260x190/1641706.png
1630314,Brandon Williams,11/22/1999,24,00,Mavericks,Guard,Undrafted,West,https://ak-static.cms.nba.com/wp-content/uploads/headshots/nba/latest/260x190/1630314.png
1630296,Braxton Key,2/14/1997,27,11,Nuggets,Forward,Undrafted,West,https://ak-static.cms.nba.com/wp-content/uploads/headshots/nba/latest/260x190/1630296.png
1641729,Brice Sensabaugh,10/30/2003,20,8,Jazz,Forward,28,West,https://ak-static.cms.nba.com/wp-content/uploads/headshots/nba/latest/260x190/1641729.png
201572,Brook Lopez,4/1/1988,35,11,Bucks,Center,10,East,https://ak-static.cms.nba.com/wp-content/uploads/headshots/nba/latest/260x190/201572.png
1628971,Bruce Brown,8/15/1996,27,11,Raptors,Guard-Forward,42,East,https://ak-static.cms.nba.com/wp-content/uploads/headshots/nba/latest/260x190/1628971.png
1628981,Bruno Fernando,8/15/1998,25,24,Hawks,Forward-Center,34,East,https://ak-static.cms.nba.com/wp-content/uploads/headshots/nba/latest/260x190/1628981.png
1631121,Bryce McGowens,11/8/2002,21,7,Hornets,Guard,40,East,https://ak-static.cms.nba.com/wp-content/uploads/headshots/nba/latest/260x190/1631121.png
1627741,Buddy Hield,12/17/1992,31,17,76ers,Guard,6,East,https://ak-static.cms.nba.com/wp-content/uploads/headshots/nba/latest/260x190/1627741.png
1630595,Cade Cunningham,9/25/2001,22,2,Pistons,Guard,1,East,https://ak-static.cms.nba.com/wp-content/uploads/headshots/nba/latest/260x190/1630595.png
1631216,Caleb Houstan,1/9/2003,21,2,Magic,Guard,32,East,https://ak-static.cms.nba.com/wp-content/uploads/headshots/nba/latest/260x190/1631216.png
1628997,Caleb Martin,9/28/1995,28,16,Heat,Forward,Undrafted,East,https://ak-static.cms.nba.com/wp-content/uploads/headshots/nba/latest/260x190/1628997.png
1629629,Cam Reddish,9/1/1999,24,5,Lakers,Forward-Guard,10,West,https://ak-static.cms.nba.com/wp-content/uploads/headshots/nba/latest/260x190/1629629.png
1630560,Cam Thomas,10/13/2001,22,24,Nets,Guard,27,East,https://ak-static.cms.nba.com/wp-content/uploads/headshots/nba/latest/260x190/1630560.png
1641715,Cam Whitmore,7/8/2004,19,7,Rockets,Forward,20,West,https://ak-static.cms.nba.com/wp-content/uploads/headshots/nba/latest/260x190/1641715.png
1629661,Cameron Johnson,3/3/1996,27,2,Nets,Forward,11,East,https://ak-static.cms.nba.com/wp-content/uploads/headshots/nba/latest/260x190/1629661.png
1626166,Cameron Payne,8/8/1994,29,22,76ers,Guard,14,East,https://ak-static.cms.nba.com/wp-content/uploads/headshots/nba/latest/260x190/1626166.png
1627747,Caris LeVert,8/25/1994,29,3,Cavaliers,Guard,20,East,https://ak-static.cms.nba.com/wp-content/uploads/headshots/nba/latest/260x190/1627747.png
1641717,Cason Wallace,11/7/2003,20,22,Thunder,Guard,10,West,https://ak-static.cms.nba.com/wp-content/uploads/headshots/nba/latest/260x190/1641717.png
1626224,Cedi Osman,4/8/1995,28,16,Spurs,Forward,31,West,https://ak-static.cms.nba.com/wp-content/uploads/headshots/nba/latest/260x190/1626224.png
1629646,Charles Bassey,10/28/2000,23,28,Spurs,Center-Forward,53,West,https://ak-static.cms.nba.com/wp-content/uploads/headshots/nba/latest/260x190/1629646.png
1629718,Charlie Brown Jr.,2/2/1997,27,44,Knicks,Guard,Undrafted,East,https://ak-static.cms.nba.com/wp-content/uploads/headshots/nba/latest/260x190/1629718.png
1631096,Chet Holmgren,5/1/2002,21,7,Thunder,Center-Forward,2,West,https://ak-static.cms.nba.com/wp-content/uploads/headshots/nba/latest/260x190/1631096.png
1628449,Chris Boucher,1/11/1993,31,25,Raptors,Forward,Undrafted,East,https://ak-static.cms.nba.com/wp-content/uploads/headshots/nba/latest/260x190/1628449.png
1630537,Chris Duarte,6/13/1997,26,3,Kings,Guard,13,West,https://ak-static.cms.nba.com/wp-content/uploads/headshots/nba/latest/260x190/1630537.png
1641753,Chris Livingston,10/15/2003,20,7,Bucks,Forward,58,East,https://ak-static.cms.nba.com/wp-content/uploads/headshots/nba/latest/260x190/1641753.png
101108,Chris Paul,5/6/1985,38,3,Warriors,Guard,4,West,https://ak-static.cms.nba.com/wp-content/uploads/headshots/nba/latest/260x190/101108.png
1631128,Christian Braun,4/17/2001,22,0,Nuggets,Guard,21,West,https://ak-static.cms.nba.com/wp-content/uploads/headshots/nba/latest/260x190/1631128.png
1626174,Christian Wood,9/27/1995,28,35,Lakers,Forward,Undrafted,West,https://ak-static.cms.nba.com/wp-content/uploads/headshots/nba/latest/260x190/1626174.png
1629643,Chuma Okeke,8/18/1998,25,3,Magic,Forward,16,East,https://ak-static.cms.nba.com/wp-content/uploads/headshots/nba/latest/260x190/1629643.png
203468,CJ McCollum,9/19/1991,32,3,Pelicans,Guard,10,West,https://ak-static.cms.nba.com/wp-content/uploads/headshots/nba/latest/260x190/203468.png
203991,Clint Capela,5/18/1994,29,15,Hawks,Center,25,East,https://ak-static.cms.nba.com/wp-content/uploads/headshots/nba/latest/260x190/203991.png
1629632,Coby White,2/16/2000,24,0,Bulls,Guard,7,East,https://ak-static.cms.nba.com/wp-content/uploads/headshots/nba/latest/260x190/1629632.png
1628998,Cody Martin,9/28/1995,28,11,Hornets,Forward,36,East,https://ak-static.cms.nba.com/wp-content/uploads/headshots/nba/latest/260x190/1628998.png
203469,Cody Zeller,10/5/1992,31,40,Pelicans,Forward-Center,4,West,https://ak-static.cms.nba.com/wp-content/uploads/headshots/nba/latest/260x190/203469.png
1641732,Colby Jones,5/28/2002,21,20,Kings,Guard,34,West,https://ak-static.cms.nba.com/wp-content/uploads/headshots/nba/latest/260x190/1641732.png
1630175,Cole Anthony,5/15/2000,23,50,Magic,Guard,15,East,https://ak-static.cms.nba.com/wp-content/uploads/headshots/nba/latest/260x190/1630175.png
1631306,Cole Swider,5/8/1999,24,21,Heat,Forward,Undrafted,East,https://ak-static.cms.nba.com/wp-content/uploads/headshots/nba/latest/260x190/1631306.png
1630658,Colin Castleton,5/25/2000,23,14,Lakers,Center,Undrafted,West,https://ak-static.cms.nba.com/wp-content/uploads/headshots/nba/latest/260x190/1630658.png
1631221,Collin Gillespie,6/25/1999,24,21,Nuggets,Guard,Undrafted,West,https://ak-static.cms.nba.com/wp-content/uploads/headshots/nba/latest/260x190/1631221.png
1629012,Collin Sexton,1/4/1999,25,2,Jazz,Guard,8,West,https://ak-static.cms.nba.com/wp-content/uploads/headshots/nba/latest/260x190/1629012.png
1630557,Corey Kispert,3/3/1999,24,24,Wizards,Forward,15,East,https://ak-static.cms.nba.com/wp-content/uploads/headshots/nba/latest/260x190/1630557.png
1641854,Craig Porter Jr.,2/26/2000,23,9,Cavaliers,Guard,Undrafted,East,https://ak-static.cms.nba.com/wp-content/uploads/headshots/nba/latest/260x190/1641854.png
1630227,Daishen Nix,2/13/2002,22,12,Timberwolves,Guard,Undrafted,West,https://ak-static.cms.nba.com/wp-content/uploads/headshots/nba/latest/260x190/1630227.png
1630625,Dalano Banton,11/7/1999,24,46,Trail Blazers,Forward,46,West,https://ak-static.cms.nba.com/wp-content/uploads/headshots/nba/latest/260x190/1630625.png
1631207,Dalen Terry,7/12/2002,21,25,Bulls,Forward,18,East,https://ak-static.cms.nba.com/wp-content/uploads/headshots/nba/latest/260x190/1631207.png
1627745,Damian Jones,6/30/1995,28,30,Cavaliers,Center,30,East,https://ak-static.cms.nba.com/wp-content/uploads/headshots/nba/latest/260x190/1627745.png
203081,Damian Lillard,7/15/1990,33,0,Bucks,Guard,6,East,https://ak-static.cms.nba.com/wp-content/uploads/headshots/nba/latest/260x190/203081.png
1627814,Damion Lee,10/21/1992,31,10,Suns,Guard-Forward,Undrafted,West,https://ak-static.cms.nba.com/wp-content/uploads/headshots/nba/latest/260x190/1627814.png
1626156,D'Angelo Russell,2/23/1996,27,1,Lakers,Guard,2,West,https://ak-static.cms.nba.com/wp-content/uploads/headshots/nba/latest/260x190/1626156.png
1629655,Daniel Gafford,10/1/1998,25,21,Mavericks,Forward-Center,38,West,https://ak-static.cms.nba.com/wp-content/uploads/headshots/nba/latest/260x190/1629655.png
1628464,Daniel Theis,4/4/1992,31,10,Clippers,Forward-Center,Undrafted,West,https://ak-static.cms.nba.com/wp-content/uploads/headshots/nba/latest/260x190/1628464.png
201568,Danilo Gallinari,8/8/1988,35,12,Bucks,Forward,6,East,https://ak-static.cms.nba.com/wp-content/uploads/headshots/nba/latest/260x190/201568.png
203957,Dante Exum,7/13/1995,28,0,Mavericks,Guard,5,West,https://ak-static.cms.nba.com/wp-content/uploads/headshots/nba/latest/260x190/203957.png
203967,Dario Saric,4/8/1994,29,20,Warriors,Forward-Center,12,West,https://ak-static.cms.nba.com/wp-content/uploads/headshots/nba/latest/260x190/203967.png
1641727,Dariq Whitehead,8/1/2004,19,0,Nets,Forward,22,East,https://ak-static.cms.nba.com/wp-content/uploads/headshots/nba/latest/260x190/1641727.png
1629636,Darius Garland,1/26/2000,24,10,Cavaliers,Guard,5,East,https://ak-static.cms.nba.com/wp-content/uploads/headshots/nba/latest/260x190/1629636.png
1630561,David Duke Jr.,10/13/1999,24,28,Spurs,Guard,Undrafted,West,https://ak-static.cms.nba.com/wp-content/uploads/headshots/nba/latest/260x190/1630561.png
1631223,David Roddy,3/27/2001,22,21,Suns,Forward,23,West,https://ak-static.cms.nba.com/wp-content/uploads/headshots/nba/latest/260x190/1631223.png
1630558,Davion Mitchell,9/5/1998,25,15,Kings,Guard,9,West,https://ak-static.cms.nba.com/wp-content/uploads/headshots/nba/latest/260x190/1630558.png
202722,Davis Bertans,11/12/1992,31,9,Hornets,Forward,42,East,https://ak-static.cms.nba.com/wp-content/uploads/headshots/nba/latest/260x190/202722.png
1630549,Day'Ron Sharpe,11/6/2001,22,20,Nets,Center,29,East,https://ak-static.cms.nba.com/wp-content/uploads/headshots/nba/latest/260x190/1630549.png
1628368,De'Aaron Fox,12/20/1997,26,5,Kings,Guard,5,West,https://ak-static.cms.nba.com/wp-content/uploads/headshots/nba/latest/260x190/1628368.png
1629731,Dean Wade,11/20/1996,27,32,Cavaliers,Forward-Center,Undrafted,East,https://ak-static.cms.nba.com/wp-content/uploads/headshots/nba/latest/260x190/1629731.png
1629028,Deandre Ayton,7/23/1998,25,2,Trail Blazers,Center,1,West,https://ak-static.cms.nba.com/wp-content/uploads/headshots/nba/latest/260x190/1629028.png
1629631,De'Andre Hunter,12/2/1997,26,12,Hawks,Forward-Guard,4,East,https://ak-static.cms.nba.com/wp-content/uploads/headshots/nba/latest/260x190/1629631.png
201599,DeAndre Jordan,7/21/1988,35,6,Nuggets,Center,35,West,https://ak-static.cms.nba.com/wp-content/uploads/headshots/nba/latest/260x190/201599.png
1629001,De'Anthony Melton,5/28/1998,25,8,76ers,Guard,46,East,https://ak-static.cms.nba.com/wp-content/uploads/headshots/nba/latest/260x190/1629001.png
1627749,Dejounte Murray,9/19/1996,27,5,Hawks,Guard,29,East,https://ak-static.cms.nba.com/wp-content/uploads/headshots/nba/latest/260x190/1627749.png
1626153,Delon Wright,4/26/1992,31,55,Heat,Guard,20,East,https://ak-static.cms.nba.com/wp-content/uploads/headshots/nba/latest/260x190/1626153.png
201942,DeMar DeRozan,8/7/1989,34,11,Bulls,Guard-Forward,9,East,https://ak-static.cms.nba.com/wp-content/uploads/headshots/nba/latest/260x190/201942.png
1630166,Deni Avdija,1/3/2001,23,8,Wizards,Forward,9,East,https://ak-static.cms.nba.com/wp-content/uploads/headshots/nba/latest/260x190/1630166.png
203471,Dennis Schroder,9/15/1993,30,17,Nets,Guard,17,East,https://ak-static.cms.nba.com/wp-content/uploads/headshots/nba/latest/260x190/203471.png
1628372,Dennis Smith Jr.,11/25/1997,26,4,Nets,Guard,9,East,https://ak-static.cms.nba.com/wp-content/uploads/headshots/nba/latest/260x190/1628372.png
1641726,Dereck Lively II,2/12/2004,20,2,Mavericks,Center,12,West,https://ak-static.cms.nba.com/wp-content/uploads/headshots/nba/latest/260x190/1641726.png
1631220,Dereon Seabron,5/26/2000,23,0,Pelicans,Guard,Undrafted,West,https://ak-static.cms.nba.com/wp-content/uploads/headshots/nba/latest/260x190/1631220.png
1627884,Derrick Jones Jr.,2/15/1997,27,55,Mavericks,Forward,Undrafted,West,https://ak-static.cms.nba.com/wp-content/uploads/headshots/nba/latest/260x190/1627884.png
201565,Derrick Rose,10/4/1988,35,23,Grizzlies,Guard,1,West,https://ak-static.cms.nba.com/wp-content/uploads/headshots/nba/latest/260x190/201565.png
1628401,Derrick White,7/2/1994,29,9,Celtics,Guard,29,East,https://ak-static.cms.nba.com/wp-content/uploads/headshots/nba/latest/260x190/1628401.png
1630217,Desmond Bane,6/25/1998,25,22,Grizzlies,Guard,30,West,https://ak-static.cms.nba.com/wp-content/uploads/headshots/nba/latest/260x190/1630217.png
1626164,Devin Booker,10/30/1996,27,1,Suns,Guard,13,West,https://ak-static.cms.nba.com/wp-content/uploads/headshots/nba/latest/260x190/1626164.png
1630170,Devin Vassell,8/23/2000,23,24,Spurs,Guard-Forward,11,West,https://ak-static.cms.nba.com/wp-content/uploads/headshots/nba/latest/260x190/1630170.png
1628984,Devonte' Graham,2/22/1995,28,4,Spurs,Guard,34,West,https://ak-static.cms.nba.com/wp-content/uploads/headshots/nba/latest/260x190/1628984.png
1628415,Dillon Brooks,1/22/1996,28,9,Rockets,Guard-Forward,45,West,https://ak-static.cms.nba.com/wp-content/uploads/headshots/nba/latest/260x190/1628415.png
1627734,Domantas Sabonis,5/3/1996,27,10,Kings,Forward-Center,11,West,https://ak-static.cms.nba.com/wp-content/uploads/headshots/nba/latest/260x190/1627734.png
1631230,Dominick Barlow,5/26/2003,20,26,Spurs,Forward,Undrafted,West,https://ak-static.cms.nba.com/wp-content/uploads/headshots/nba/latest/260x190/1631230.png
1628378,Donovan Mitchell,9/7/1996,27,45,Cavaliers,Guard,13,East,https://ak-static.cms.nba.com/wp-content/uploads/headshots/nba/latest/260x190/1628378.png
1628978,Donte DiVincenzo,1/31/1997,27,0,Knicks,Guard,17,East,https://ak-static.cms.nba.com/wp-content/uploads/headshots/nba/latest/260x190/1628978.png
1627827,Dorian Finney-Smith,5/4/1993,30,28,Nets,Forward,Undrafted,East,https://ak-static.cms.nba.com/wp-content/uploads/headshots/nba/latest/260x190/1627827.png
203926,Doug McDermott,1/3/1992,32,20,Pacers,Forward,11,East,https://ak-static.cms.nba.com/wp-content/uploads/headshots/nba/latest/260x190/203926.png
203110,Draymond Green,3/4/1990,33,23,Warriors,Forward,35,West,https://ak-static.cms.nba.com/wp-content/uploads/headshots/nba/latest/260x190/203110.png
1629234,Drew Eubanks,2/1/1997,27,14,Suns,Forward-Center,Undrafted,West,https://ak-static.cms.nba.com/wp-content/uploads/headshots/nba/latest/260x190/1629234.png
1641809,Drew Peterson,11/9/1999,24,13,Celtics,Forward,Undrafted,East,https://ak-static.cms.nba.com/wp-content/uploads/headshots/nba/latest/260x190/1641809.png
1630696,Dru Smith,12/30/1997,26,9,Heat,Guard,Undrafted,East,https://ak-static.cms.nba.com/wp-content/uploads/headshots/nba/latest/260x190/1630696.png
1630613,Duane Washington Jr.,3/24/2000,23,4,Knicks,Guard,Undrafted,East,https://ak-static.cms.nba.com/wp-content/uploads/headshots/nba/latest/260x190/1630613.png
1629130,Duncan Robinson,4/22/1994,29,55,Heat,Forward,Undrafted,East,https://ak-static.cms.nba.com/wp-content/uploads/headshots/nba/latest/260x190/1629130.png
1641871,Duop Reath,6/26/1996,27,26,Trail Blazers,Center,Undrafted,West,https://ak-static.cms.nba.com/wp-content/uploads/headshots/nba/latest/260x190/1641871.png
203939,Dwight Powell,7/20/1991,32,7,Mavericks,Forward-Center,45,West,https://ak-static.cms.nba.com/wp-content/uploads/headshots/nba/latest/260x190/203939.png
1629685,Dylan Windler,9/22/1996,27,20,Lakers,Guard-Forward,26,West,https://ak-static.cms.nba.com/wp-content/uploads/headshots/nba/latest/260x190/1629685.png
1630700,Dyson Daniels,3/17/2003,20,11,Pelicans,Guard,8,West,https://ak-static.cms.nba.com/wp-content/uploads/headshots/nba/latest/260x190/1630700.png
1630604,E.J. Liddell,12/18/2000,23,32,Pelicans,Forward,41,West,https://ak-static.cms.nba.com/wp-content/uploads/headshots/nba/latest/260x190/1630604.png
1641734,Emoni Bates,1/28/2004,20,21,Cavaliers,Forward,49,East,https://ak-static.cms.nba.com/wp-content/uploads/headshots/nba/latest/260x190/1641734.png
201569,Eric Gordon,12/25/1988,35,23,Suns,Guard,7,West,https://ak-static.cms.nba.com/wp-content/uploads/headshots/nba/latest/260x190/201569.png
1630647,Eugene Omoruyi,2/14/1997,27,97,Wizards,Forward,Undrafted,East,https://ak-static.cms.nba.com/wp-content/uploads/headshots/nba/latest/260x190/1630647.png
203095,Evan Fournier,10/29/1992,31,31,Pistons,Guard-Forward,20,East,https://ak-static.cms.nba.com/wp-content/uploads/headshots/nba/latest/260x190/203095.png
1630596,Evan Mobley,6/18/2001,22,4,Cavaliers,Center,3,East,https://ak-static.cms.nba.com/wp-content/uploads/headshots/nba/latest/260x190/1630596.png
1630532,Franz Wagner,8/27/2001,22,22,Magic,Forward,8,East,https://ak-static.cms.nba.com/wp-content/uploads/headshots/nba/latest/260x190/1630532.png
1627832,Fred VanVleet,2/25/1994,29,5,Rockets,Guard,Undrafted,West,https://ak-static.cms.nba.com/wp-content/uploads/headshots/nba/latest/260x190/1627832.png
1629216,Gabe Vincent,6/14/1996,27,7,Lakers,Guard,Undrafted,West,https://ak-static.cms.nba.com/wp-content/uploads/headshots/nba/latest/260x190/1629216.png
202066,Garrett Temple,5/8/1986,37,14,Raptors,Guard-Forward,Undrafted,East,https://ak-static.cms.nba.com/wp-content/uploads/headshots/nba/latest/260x190/202066.png
1629726,Garrison Mathews,10/24/1996,27,25,Hawks,Guard,Undrafted,East,https://ak-static.cms.nba.com/wp-content/uploads/headshots/nba/latest/260x190/1629726.png
203914,Gary Harris,9/14/1994,29,14,Magic,Guard,19,East,https://ak-static.cms.nba.com/wp-content/uploads/headshots/nba/latest/260x190/203914.png
1627780,Gary Payton II,12/1/1992,31,0,Warriors,Guard,Undrafted,West,https://ak-static.cms.nba.com/wp-content/uploads/headshots/nba/latest/260x190/1627780.png
1629018,Gary Trent Jr.,1/18/1999,25,33,Raptors,Guard,37,East,https://ak-static.cms.nba.com/wp-content/uploads/headshots/nba/latest/260x190/1629018.png
1627777,Georges Niang,6/17/1993,30,20,Cavaliers,Forward,50,East,https://ak-static.cms.nba.com/wp-content/uploads/headshots/nba/latest/260x190/1627777.png
1641713,GG Jackson,12/17/2004,19,45,Grizzlies,Forward,45,West,https://ak-static.cms.nba.com/wp-content/uploads/headshots/nba/latest/260x190/1641713.png
203507,Giannis Antetokounmpo,12/6/1994,29,34,Bucks,Forward,15,East,https://ak-static.cms.nba.com/wp-content/uploads/headshots/nba/latest/260x190/203507.png
1629048,Goga Bitadze,7/20/1999,24,35,Magic,Center-Forward,18,East,https://ak-static.cms.nba.com/wp-content/uploads/headshots/nba/latest/260x190/1629048.png
202330,Gordon Hayward,3/23/1990,33,33,Thunder,Forward,9,West,https://ak-static.cms.nba.com/wp-content/uploads/headshots/nba/latest/260x190/202330.png
1641711,Gradey Dick,11/20/2003,20,1,Raptors,Guard-Forward,13,East,https://ak-static.cms.nba.com/wp-content/uploads/headshots/nba/latest/260x190/1641711.png
1629684,Grant Williams,11/30/1998,25,2,Hornets,Forward,22,East,https://ak-static.cms.nba.com/wp-content/uploads/headshots/nba/latest/260x190/1629684.png
1628960,Grayson Allen,10/8/1995,28,8,Suns,Guard,21,West,https://ak-static.cms.nba.com/wp-content/uploads/headshots/nba/latest/260x190/1628960.png
1630535,Greg Brown III,9/1/2001,22,36,Mavericks,Forward,43,West,https://ak-static.cms.nba.com/wp-content/uploads/headshots/nba/latest/260x190/1630535.png
1630611,Gui Santos,6/22/2002,21,15,Warriors,Forward,55,West,https://ak-static.cms.nba.com/wp-content/uploads/headshots/nba/latest/260x190/1630611.png
203084,Harrison Barnes,5/30/1992,31,40,Kings,Forward,7,West,https://ak-static.cms.nba.com/wp-content/uploads/headshots/nba/latest/260x190/203084.png
1629312,Haywood Highsmith,12/9/1996,27,24,Heat,Forward,Undrafted,East,https://ak-static.cms.nba.com/wp-content/uploads/headshots/nba/latest/260x190/1629312.png
1630929,Henri Drell,4/25/2000,23,77,Bulls,Forward,Undrafted,East,https://ak-static.cms.nba.com/wp-content/uploads/headshots/nba/latest/260x190/1630929.png
1630529,Herbert Jones,10/6/1998,25,5,Pelicans,Forward,35,West,https://ak-static.cms.nba.com/wp-content/uploads/headshots/nba/latest/260x190/1630529.png
1641816,Hunter Tyson,6/13/2000,23,4,Nuggets,Forward,37,West,https://ak-static.cms.nba.com/wp-content/uploads/headshots/nba/latest/260x190/1641816.png
1630641,Ibou Badji,10/13/2002,21,41,Trail Blazers,Center,Undrafted,West,https://ak-static.cms.nba.com/wp-content/uploads/headshots/nba/latest/260x190/1630641.png
1630193,Immanuel Quickley,6/17/1999,24,5,Raptors,Guard,25,East,https://ak-static.cms.nba.com/wp-content/uploads/headshots/nba/latest/260x190/1630193.png
1630171,Isaac Okoro,1/26/2001,23,35,Cavaliers,Forward-Guard,5,East,https://ak-static.cms.nba.com/wp-content/uploads/headshots/nba/latest/260x190/1630171.png
1628392,Isaiah Hartenstein,5/5/1998,25,55,Knicks,Center-Forward,43,East,https://ak-static.cms.nba.com/wp-content/uploads/headshots/nba/latest/260x190/1628392.png
1630543,Isaiah Jackson,1/10/2002,22,22,Pacers,Forward,22,East,https://ak-static.cms.nba.com/wp-content/uploads/headshots/nba/latest/260x190/1630543.png
1630198,Isaiah Joe,7/2/1999,24,11,Thunder,Guard,49,West,https://ak-static.cms.nba.com/wp-content/uploads/headshots/nba/latest/260x190/1630198.png
1630587,Isaiah Livers,7/28/1998,25,12,Wizards,Forward,42,East,https://ak-static.cms.nba.com/wp-content/uploads/headshots/nba/latest/260x190/1630587.png
1630600,Isaiah Mobley,9/24/1999,24,15,Cavaliers,Forward,49,East,https://ak-static.cms.nba.com/wp-content/uploads/headshots/nba/latest/260x190/1630600.png
1630191,Isaiah Stewart,5/22/2001,22,28,Pistons,Forward-Center,16,East,https://ak-static.cms.nba.com/wp-content/uploads/headshots/nba/latest/260x190/1630191.png
1631209,Isaiah Wong,1/28/2001,23,21,Pacers,Guard,55,East,https://ak-static.cms.nba.com/wp-content/uploads/headshots/nba/latest/260x190/1631209.png
1627826,Ivica Zubac,3/18/1997,26,40,Clippers,Center,32,West,https://ak-static.cms.nba.com/wp-content/uploads/headshots/nba/latest/260x190/1627826.png
1629630,Ja Morant,8/10/1999,24,12,Grizzlies,Guard,2,West,https://ak-static.cms.nba.com/wp-content/uploads/headshots/nba/latest/260x190/1629630.png
1631095,Jabari Smith Jr.,5/13/2003,20,10,Rockets,Forward,3,West,https://ak-static.cms.nba.com/wp-content/uploads/headshots/nba/latest/260x190/1631095.png
1631133,Jabari Walker,7/30/2002,21,34,Trail Blazers,Forward,57,West,https://ak-static.cms.nba.com/wp-content/uploads/headshots/nba/latest/260x190/1631133.png
1631367,Jacob Gilyard,7/14/1998,25,0,Grizzlies,Guard,Undrafted,West,https://ak-static.cms.nba.com/wp-content/uploads/headshots/nba/latest/260x190/1631367.png
1631210,Jacob Toppin,5/8/2000,23,00,Knicks,Forward,Undrafted,East,https://ak-static.cms.nba.com/wp-content/uploads/headshots/nba/latest/260x190/1631210.png
1630702,Jaden Hardy,7/5/2002,21,1,Mavericks,Guard,37,West,https://ak-static.cms.nba.com/wp-content/uploads/headshots/nba/latest/260x190/1630702.png
1631093,Jaden Ivey,2/13/2002,22,23,Pistons,Guard,5,East,https://ak-static.cms.nba.com/wp-content/uploads/headshots/nba/latest/260x190/1631093.png
1630183,Jaden McDaniels,9/29/2000,23,3,Timberwolves,Forward,28,West,https://ak-static.cms.nba.com/wp-content/uploads/headshots/nba/latest/260x190/1630183.png
1630531,Jaden Springer,9/25/2002,21,11,Celtics,Guard,28,East,https://ak-static.cms.nba.com/wp-content/uploads/headshots/nba/latest/260x190/1630531.png
203109,Jae Crowder,7/6/1990,33,99,Bucks,Forward,34,East,https://ak-static.cms.nba.com/wp-content/uploads/headshots/nba/latest/260x190/203109.png
1630256,Jae'Sean Tate,10/28/1995,28,8,Rockets,Forward,Undrafted,West,https://ak-static.cms.nba.com/wp-content/uploads/headshots/nba/latest/260x190/1630256.png
1631170,Jaime Jaquez Jr.,2/18/2001,23,11,Heat,Guard,18,East,https://ak-static.cms.nba.com/wp-content/uploads/headshots/nba/latest/260x190/1631170.png
1631222,Jake LaRavia,11/3/2001,22,3,Grizzlies,Forward,19,West,https://ak-static.cms.nba.com/wp-content/uploads/headshots/nba/latest/260x190/1631222.png
1627751,Jakob Poeltl,10/15/1995,28,19,Raptors,Center,9,East,https://ak-static.cms.nba.com/wp-content/uploads/headshots/nba/latest/260x190/1627751.png
1628973,Jalen Brunson,8/31/1996,27,11,Knicks,Guard,33,East,https://ak-static.cms.nba.com/wp-content/uploads/headshots/nba/latest/260x190/1628973.png
1631105,Jalen Duren,11/18/2003,20,0,Pistons,Center,13,East,https://ak-static.cms.nba.com/wp-content/uploads/headshots/nba/latest/260x190/1631105.png
1630224,Jalen Green,2/9/2002,22,4,Rockets,Guard,2,West,https://ak-static.cms.nba.com/wp-content/uploads/headshots/nba/latest/260x190/1630224.png
1641720,Jalen Hood-Schifino,6/19/2003,20,0,Lakers,Guard,17,West,https://ak-static.cms.nba.com/wp-content/uploads/headshots/nba/latest/260x190/1641720.png
1630552,Jalen Johnson,12/18/2001,22,1,Hawks,Forward,20,East,https://ak-static.cms.nba.com/wp-content/uploads/headshots/nba/latest/260x190/1630552.png
1629667,Jalen McDaniels,1/31/1998,26,2,Raptors,Forward,52,East,https://ak-static.cms.nba.com/wp-content/uploads/headshots/nba/latest/260x190/1629667.png
1629618,Jalen Pickett,10/22/1999,24,24,Nuggets,Guard,32,West,https://ak-static.cms.nba.com/wp-content/uploads/headshots/nba/latest/260x190/1629618.png
1641771,Jalen Slawson,10/22/1999,24,18,Kings,Forward,54,West,https://ak-static.cms.nba.com/wp-content/uploads/headshots/nba/latest/260x190/1641771.png
1630188,Jalen Smith,3/16/2000,23,25,Pacers,Forward-Center,10,East,https://ak-static.cms.nba.com/wp-content/uploads/headshots/nba/latest/260x190/1630188.png
1630591,Jalen Suggs,6/3/2001,22,4,Magic,Guard,5,East,https://ak-static.cms.nba.com/wp-content/uploads/headshots/nba/latest/260x190/1630591.png
1631114,Jalen Williams,4/14/2001,22,8,Thunder,Guard-Forward,12,West,https://ak-static.cms.nba.com/wp-content/uploads/headshots/nba/latest/260x190/1631114.png
1630592,Jalen Wilson,11/4/2000,23,22,Nets,Forward,51,East,https://ak-static.cms.nba.com/wp-content/uploads/headshots/nba/latest/260x190/1630592.png
1631288,Jamal Cain,3/20/1999,24,8,Heat,Forward,Undrafted,East,https://ak-static.cms.nba.com/wp-content/uploads/headshots/nba/latest/260x190/1631288.png
1627750,Jamal Murray,2/23/1997,26,27,Nuggets,Guard,7,West,https://ak-static.cms.nba.com/wp-content/uploads/headshots/nba/latest/260x190/1627750.png
201935,James Harden,8/26/1989,34,1,Clippers,Guard,3,West,https://ak-static.cms.nba.com/wp-content/uploads/headshots/nba/latest/260x190/201935.png
201949,James Johnson,2/20/1987,37,16,Pacers,Forward,16,East,https://ak-static.cms.nba.com/wp-content/uploads/headshots/nba/latest/260x190/201949.png
1630164,James Wiseman,3/31/2001,22,13,Pistons,Center,2,East,https://ak-static.cms.nba.com/wp-content/uploads/headshots/nba/latest/260x190/1630164.png
1641716,Jarace Walker,9/4/2003,20,5,Pacers,Forward,8,East,https://ak-static.cms.nba.com/wp-content/uploads/headshots/nba/latest/260x190/1641716.png
1630215,Jared Butler,8/25/2000,23,4,Wizards,Guard,40,East,https://ak-static.cms.nba.com/wp-content/uploads/headshots/nba/latest/260x190/1630215.png
1631197,Jared Rhoden,8/27/1999,24,8,Pistons,Guard,Undrafted,East,https://ak-static.cms.nba.com/wp-content/uploads/headshots/nba/latest/260x190/1631197.png
1628991,Jaren Jackson Jr.,9/15/1999,24,13,Grizzlies,Forward-Center,4,West,https://ak-static.cms.nba.com/wp-content/uploads/headshots/nba/latest/260x190/1628991.png
1629020,Jarred Vanderbilt,4/3/1999,24,2,Lakers,Forward,41,West,https://ak-static.cms.nba.com/wp-content/uploads/headshots/nba/latest/260x190/1629020.png
1628386,Jarrett Allen,4/21/1998,25,31,Cavaliers,Center,22,East,https://ak-static.cms.nba.com/wp-content/uploads/headshots/nba/latest/260x190/1628386.png
1630554,Jason Preston,8/10/1999,24,10,Jazz,Guard,33,West,https://ak-static.cms.nba.com/wp-content/uploads/headshots/nba/latest/260x190/1630554.png
201580,JaVale McGee,1/19/1988,36,00,Kings,Center-Forward,18,West,https://ak-static.cms.nba.com/wp-content/uploads/headshots/nba/latest/260x190/201580.png
1631241,Javon Freeman-Liberty,10/20/1999,24,0,Raptors,Guard,Undrafted,East,https://ak-static.cms.nba.com/wp-content/uploads/headshots/nba/latest/260x190/1631241.png
1629637,Jaxson Hayes,5/23/2000,23,11,Lakers,Center-Forward,8,West,https://ak-static.cms.nba.com/wp-content/uploads/headshots/nba/latest/260x190/1629637.png
1630643,Jay Huff,8/25/1997,26,30,Nuggets,Center,Undrafted,West,https://ak-static.cms.nba.com/wp-content/uploads/headshots/nba/latest/260x190/1630643.png
1627759,Jaylen Brown,10/24/1996,27,7,Celtics,Guard-Forward,3,East,https://ak-static.cms.nba.com/wp-content/uploads/headshots/nba/latest/260x190/1627759.png
1641740,Jaylen Clark,10/13/2001,22,0,Timberwolves,Guard,53,West,https://ak-static.cms.nba.com/wp-content/uploads/headshots/nba/latest/260x190/1641740.png
1631119,Jaylin Williams,6/29/2002,21,6,Thunder,Forward,34,West,https://ak-static.cms.nba.com/wp-content/uploads/headshots/nba/latest/260x190/1631119.png
1628369,Jayson Tatum,3/3/1998,25,0,Celtics,Forward-Guard,3,East,https://ak-static.cms.nba.com/wp-content/uploads/headshots/nba/latest/260x190/1628369.png
1631120,JD Davison,10/3/2002,21,20,Celtics,Guard,53,East,https://ak-static.cms.nba.com/wp-content/uploads/headshots/nba/latest/260x190/1631120.png
201145,Jeff Green,8/28/1986,37,32,Rockets,Forward,5,West,https://ak-static.cms.nba.com/wp-content/uploads/headshots/nba/latest/260x190/201145.png
203924,Jerami Grant,3/12/1994,29,9,Trail Blazers,Forward,39,West,https://ak-static.cms.nba.com/wp-content/uploads/headshots/nba/latest/260x190/203924.png
1630526,Jeremiah Robinson-Earl,11/3/2000,23,50,Pelicans,Forward,32,West,https://ak-static.cms.nba.com/wp-content/uploads/headshots/nba/latest/260x190/1630526.png
1631110,Jeremy Sochan,5/20/2003,20,10,Spurs,Forward,9,West,https://ak-static.cms.nba.com/wp-content/uploads/headshots/nba/latest/260x190/1631110.png
1630579,Jericho Sims,10/20/1998,25,45,Knicks,Center,58,East,https://ak-static.cms.nba.com/wp-content/uploads/headshots/nba/latest/260x190/1630579.png
1631257,Jermaine Samuels Jr.,11/13/1998,25,00,Rockets,Forward,Undrafted,West,https://ak-static.cms.nba.com/wp-content/uploads/headshots/nba/latest/260x190/1631257.png
1629010,Jerome Robinson,2/22/1997,26,18,Warriors,Guard,13,West,https://ak-static.cms.nba.com/wp-content/uploads/headshots/nba/latest/260x190/1629010.png
1641724,Jett Howard,9/14/2003,20,13,Magic,Guard,11,East,https://ak-static.cms.nba.com/wp-content/uploads/headshots/nba/latest/260x190/1641724.png
1628975,Jevon Carter,9/14/1995,28,5,Bulls,Guard,32,East,https://ak-static.cms.nba.com/wp-content/uploads/headshots/nba/latest/260x190/1628975.png
202710,Jimmy Butler,9/14/1989,34,22,Heat,Forward,30,East,https://ak-static.cms.nba.com/wp-content/uploads/headshots/nba/latest/260x190/202710.png
1629111,Jock Landale,10/25/1995,28,2,Rockets,Center,Undrafted,West,https://ak-static.cms.nba.com/wp-content/uploads/headshots/nba/latest/260x190/1629111.png
204060,Joe Ingles,10/2/1987,36,7,Magic,Forward-Guard,Undrafted,East,https://ak-static.cms.nba.com/wp-content/uploads/headshots/nba/latest/260x190/204060.png
203954,Joel Embiid,3/16/1994,29,21,76ers,Center-Forward,3,East,https://ak-static.cms.nba.com/wp-content/uploads/headshots/nba/latest/260x190/203954.png
1628381,John Collins,9/23/1997,26,20,Jazz,Forward-Center,19,West,https://ak-static.cms.nba.com/wp-content/uploads/headshots/nba/latest/260x190/1628381.png
1629723,John Konchar,3/22/1996,27,46,Grizzlies,Guard,Undrafted,West,https://ak-static.cms.nba.com/wp-content/uploads/headshots/nba/latest/260x190/1629723.png
1631098,Johnny Davis,2/27/2002,21,1,Wizards,Guard,10,East,https://ak-static.cms.nba.com/wp-content/uploads/headshots/nba/latest/260x190/1631098.png
1630548,Johnny Juzang,3/17/2001,22,33,Jazz,Guard,Undrafted,West,https://ak-static.cms.nba.com/wp-content/uploads/headshots/nba/latest/260x190/1630548.png
202685,Jonas Valanciunas,5/6/1992,31,17,Pelicans,Center,5,West,https://ak-static.cms.nba.com/wp-content/uploads/headshots/nba/latest/260x190/202685.png
1628371,Jonathan Isaac,10/3/1997,26,1,Magic,Forward,6,East,https://ak-static.cms.nba.com/wp-content/uploads/headshots/nba/latest/260x190/1628371.png
1630228,Jonathan Kuminga,10/6/2002,21,00,Warriors,Forward,7,West,https://ak-static.cms.nba.com/wp-content/uploads/headshots/nba/latest/260x190/1630228.png
1629007,Jontay Porter,11/15/1999,24,34,Raptors,Center-Forward,Undrafted,East,https://ak-static.cms.nba.com/wp-content/uploads/headshots/nba/latest/260x190/1629007.png
203903,Jordan Clarkson,6/7/1992,31,00,Jazz,Guard,46,West,https://ak-static.cms.nba.com/wp-content/uploads/headshots/nba/latest/260x190/203903.png
1630259,Jordan Ford,5/26/1998,25,31,Kings,Guard,Undrafted,West,https://ak-static.cms.nba.com/wp-content/uploads/headshots/nba/latest/260x190/1630259.png
1630692,Jordan Goodwin,10/23/1998,25,0,Grizzlies,Guard,Undrafted,West,https://ak-static.cms.nba.com/wp-content/uploads/headshots/nba/latest/260x190/1630692.png
1641722,Jordan Hawkins,4/29/2002,21,24,Pelicans,Guard,14,West,https://ak-static.cms.nba.com/wp-content/uploads/headshots/nba/latest/260x190/1641722.png
1629162,Jordan McLaughlin,4/9/1996,27,6,Timberwolves,Guard,Undrafted,West,https://ak-static.cms.nba.com/wp-content/uploads/headshots/nba/latest/260x190/1629162.png
1641757,Jordan Miller,1/23/2000,24,11,Clippers,Guard,48,West,https://ak-static.cms.nba.com/wp-content/uploads/headshots/nba/latest/260x190/1641757.png
1629670,Jordan Nwora,9/9/1998,25,13,Raptors,Forward,45,East,https://ak-static.cms.nba.com/wp-content/uploads/headshots/nba/latest/260x190/1629670.png
1629673,Jordan Poole,6/19/1999,24,13,Wizards,Guard,28,East,https://ak-static.cms.nba.com/wp-content/uploads/headshots/nba/latest/260x190/1629673.png
1641775,Jordan Walsh,3/3/2004,19,27,Celtics,Guard,38,East,https://ak-static.cms.nba.com/wp-content/uploads/headshots/nba/latest/260x190/1641775.png
1630631,Jose Alvarado,4/12/1998,25,15,Pelicans,Guard,Undrafted,West,https://ak-static.cms.nba.com/wp-content/uploads/headshots/nba/latest/260x190/1630631.png
1630581,Josh Giddey,10/10/2002,21,3,Thunder,Guard,6,West,https://ak-static.cms.nba.com/wp-content/uploads/headshots/nba/latest/260x190/1630581.png
1630182,Josh Green,11/16/2000,23,8,Mavericks,Guard,18,West,https://ak-static.cms.nba.com/wp-content/uploads/headshots/nba/latest/260x190/1630182.png
1628404,Josh Hart,3/6/1995,28,3,Knicks,Guard,30,East,https://ak-static.cms.nba.com/wp-content/uploads/headshots/nba/latest/260x190/1628404.png
1631169,Josh Minott,11/25/2002,21,8,Timberwolves,Forward,45,West,https://ak-static.cms.nba.com/wp-content/uploads/headshots/nba/latest/260x190/1631169.png
1629006,Josh Okogie,9/1/1998,25,2,Suns,Guard,20,West,https://ak-static.cms.nba.com/wp-content/uploads/headshots/nba/latest/260x190/1629006.png
1626196,Josh Richardson,9/15/1993,30,0,Heat,Guard,40,East,https://ak-static.cms.nba.com/wp-content/uploads/headshots/nba/latest/260x190/1626196.png
1630563,Joshua Primo,12/24/2002,21,12,Clippers,Guard,12,West,https://ak-static.cms.nba.com/wp-content/uploads/headshots/nba/latest/260x190/1630563.png
201950,Jrue Holiday,6/12/1990,33,4,Celtics,Guard,17,East,https://ak-static.cms.nba.com/wp-content/uploads/headshots/nba/latest/260x190/201950.png
1630550,JT Thor,8/26/2002,21,21,Hornets,Forward,37,East,https://ak-static.cms.nba.com/wp-content/uploads/headshots/nba/latest/260x190/1630550.png
1631262,Jules Bernard,1/21/2000,24,14,Wizards,Guard,Undrafted,East,https://ak-static.cms.nba.com/wp-content/uploads/headshots/nba/latest/260x190/1631262.png
1630577,Julian Champagnie,6/29/2001,22,30,Spurs,Forward,Undrafted,West,https://ak-static.cms.nba.com/wp-content/uploads/headshots/nba/latest/260x190/1630577.png
1641763,Julian Phillips,11/5/2003,20,15,Bulls,Forward,35,East,https://ak-static.cms.nba.com/wp-content/uploads/headshots/nba/latest/260x190/1641763.png
1631124,Julian Strawther,4/18/2002,21,3,Nuggets,Guard,29,West,https://ak-static.cms.nba.com/wp-content/uploads/headshots/nba/latest/260x190/1631124.png
203944,Julius Randle,11/29/1994,29,30,Knicks,Forward-Center,7,East,https://ak-static.cms.nba.com/wp-content/uploads/headshots/nba/latest/260x190/203944.png
203200,Justin Holiday,4/5/1989,34,9,Nuggets,Forward-Guard,Undrafted,West,https://ak-static.cms.nba.com/wp-content/uploads/headshots/nba/latest/260x190/203200.png
1631303,Justin Minaya,3/26/1999,24,24,Trail Blazers,Forward,Undrafted,West,https://ak-static.cms.nba.com/wp-content/uploads/headshots/nba/latest/260x190/1631303.png
203994,Jusuf Nurkic,8/23/1994,29,20,Suns,Center,16,West,https://ak-static.cms.nba.com/wp-content/uploads/headshots/nba/latest/260x190/203994.png
1626157,Karl-Anthony Towns,11/15/1995,28,32,Timberwolves,Center-Forward,1,West,https://ak-static.cms.nba.com/wp-content/uploads/headshots/nba/latest/260x190/1626157.png
202695,Kawhi Leonard,6/29/1991,32,2,Clippers,Forward,15,West,https://ak-static.cms.nba.com/wp-content/uploads/headshots/nba/latest/260x190/202695.png
1631099,Keegan Murray,8/19/2000,23,13,Kings,Forward,4,West,https://ak-static.cms.nba.com/wp-content/uploads/headshots/nba/latest/260x190/1631099.png
1628966,Keita Bates-Diop,1/23/1996,28,13,Nets,Forward,48,East,https://ak-static.cms.nba.com/wp-content/uploads/headshots/nba/latest/260x190/1628966.png
1629640,Keldon Johnson,10/11/1999,24,3,Spurs,Forward-Guard,29,West,https://ak-static.cms.nba.com/wp-content/uploads/headshots/nba/latest/260x190/1629640.png
203482,Kelly Olynyk,4/19/1991,32,41,Raptors,Forward-Center,13,East,https://ak-static.cms.nba.com/wp-content/uploads/headshots/nba/latest/260x190/203482.png
1626162,Kelly Oubre Jr.,12/9/1995,28,9,76ers,Forward-Guard,15,East,https://ak-static.cms.nba.com/wp-content/uploads/headshots/nba/latest/260x190/1626162.png
1631112,Kendall Brown,5/11/2003,20,10,Pacers,Guard,48,East,https://ak-static.cms.nba.com/wp-content/uploads/headshots/nba/latest/260x190/1631112.png
1631254,Kenneth Lofton Jr.,8/14/2002,21,35,76ers,Forward,Undrafted,East,https://ak-static.cms.nba.com/wp-content/uploads/headshots/nba/latest/260x190/1631254.png
1629026,Kenrich Williams,12/2/1994,29,34,Thunder,Guard-Forward,Undrafted,West,https://ak-static.cms.nba.com/wp-content/uploads/headshots/nba/latest/260x190/1629026.png
203484,Kentavious Caldwell-Pope,2/18/1993,31,5,Nuggets,Guard,8,West,https://ak-static.cms.nba.com/wp-content/uploads/headshots/nba/latest/260x190/203484.png
1631165,Keon Ellis,1/8/2000,24,23,Kings,Guard,Undrafted,West,https://ak-static.cms.nba.com/wp-content/uploads/headshots/nba/latest/260x190/1631165.png
1630553,Keon Johnson,3/10/2002,21,45,Nets,Guard,21,East,https://ak-static.cms.nba.com/wp-content/uploads/headshots/nba/latest/260x190/1630553.png
1630556,Kessler Edwards,8/9/2000,23,17,Kings,Forward,44,West,https://ak-static.cms.nba.com/wp-content/uploads/headshots/nba/latest/260x190/1630556.png
201142,Kevin Durant,9/29/1988,35,35,Suns,Forward,2,West,https://ak-static.cms.nba.com/wp-content/uploads/headshots/nba/latest/260x190/201142.png
1628989,Kevin Huerter,8/27/1998,25,9,Kings,Guard-Forward,19,West,https://ak-static.cms.nba.com/wp-content/uploads/headshots/nba/latest/260x190/1628989.png
201567,Kevin Love,9/7/1988,35,42,Heat,Forward-Center,5,East,https://ak-static.cms.nba.com/wp-content/uploads/headshots/nba/latest/260x190/201567.png
1630284,Kevon Harris,6/24/1997,26,8,Magic,Guard,Undrafted,East,https://ak-static.cms.nba.com/wp-content/uploads/headshots/nba/latest/260x190/1630284.png
1626172,Kevon Looney,2/6/1996,28,5,Warriors,Forward,30,West,https://ak-static.cms.nba.com/wp-content/uploads/headshots/nba/latest/260x190/1626172.png
1641749,Keyontae Johnson,5/24/2000,23,18,Thunder,Forward,50,West,https://ak-static.cms.nba.com/wp-content/uploads/headshots/nba/latest/260x190/1641749.png
1641718,Keyonte George,11/8/2003,20,3,Jazz,Guard,16,West,https://ak-static.cms.nba.com/wp-content/uploads/headshots/nba/latest/260x190/1641718.png
203114,Khris Middleton,8/12/1991,32,22,Bucks,Forward,39,East,https://ak-static.cms.nba.com/wp-content/uploads/headshots/nba/latest/260x190/203114.png
1630184,Kira Lewis Jr.,4/6/2001,22,13,Jazz,Guard,13,West,https://ak-static.cms.nba.com/wp-content/uploads/headshots/nba/latest/260x190/1630184.png
1630231,KJ Martin,1/6/2001,23,1,76ers,Forward,52,East,https://ak-static.cms.nba.com/wp-content/uploads/headshots/nba/latest/260x190/1630231.png
202691,Klay Thompson,2/8/1990,34,11,Warriors,Guard,11,West,https://ak-static.cms.nba.com/wp-content/uploads/headshots/nba/latest/260x190/202691.png
1641738,Kobe Brown,1/1/2000,24,21,Clippers,Forward,30,West,https://ak-static.cms.nba.com/wp-content/uploads/headshots/nba/latest/260x190/1641738.png
1641723,Kobe Bufkin,9/21/2003,20,4,Hawks,Guard,15,East,https://ak-static.cms.nba.com/wp-content/uploads/headshots/nba/latest/260x190/1641723.png
1627739,Kris Dunn,3/18/1994,29,11,Jazz,Guard,5,West,https://ak-static.cms.nba.com/wp-content/uploads/headshots/nba/latest/260x190/1627739.png
1631200,Kris Murray,8/19/2000,23,8,Trail Blazers,Forward,23,West,https://ak-static.cms.nba.com/wp-content/uploads/headshots/nba/latest/260x190/1631200.png
204001,Kristaps Porzingis,8/2/1995,28,8,Celtics,Forward-Center,4,East,https://ak-static.cms.nba.com/wp-content/uploads/headshots/nba/latest/260x190/204001.png
203937,Kyle Anderson,9/20/1993,30,1,Timberwolves,Forward-Guard,30,West,https://ak-static.cms.nba.com/wp-content/uploads/headshots/nba/latest/260x190/203937.png
1628398,Kyle Kuzma,7/24/1995,28,33,Wizards,Forward,27,East,https://ak-static.cms.nba.com/wp-content/uploads/headshots/nba/latest/260x190/1628398.png
200768,Kyle Lowry,3/25/1986,37,7,76ers,Guard,24,East,https://ak-static.cms.nba.com/wp-content/uploads/headshots/nba/latest/260x190/200768.png
202681,Kyrie Irving,3/23/1992,31,11,Mavericks,Guard,1,West,https://ak-static.cms.nba.com/wp-content/uploads/headshots/nba/latest/260x190/202681.png
1630205,Lamar Stevens,7/9/1997,26,24,Grizzlies,Forward,Undrafted,West,https://ak-static.cms.nba.com/wp-content/uploads/headshots/nba/latest/260x190/1630205.png
1630163,LaMelo Ball,8/22/2001,22,1,Hornets,Guard,3,East,https://ak-static.cms.nba.com/wp-content/uploads/headshots/nba/latest/260x190/1630163.png
1629013,Landry Shamet,3/13/1997,26,20,Wizards,Guard,26,East,https://ak-static.cms.nba.com/wp-content/uploads/headshots/nba/latest/260x190/1629013.png
1626204,Larry Nance Jr.,1/1/1993,31,22,Pelicans,Forward-Center,27,West,https://ak-static.cms.nba.com/wp-content/uploads/headshots/nba/latest/260x190/1626204.png
1628374,Lauri Markkanen,5/22/1997,26,23,Jazz,Forward-Center,7,West,https://ak-static.cms.nba.com/wp-content/uploads/headshots/nba/latest/260x190/1628374.png
1641778,Leaky Black,6/14/1999,24,12,Hornets,Forward,Undrafted,East,https://ak-static.cms.nba.com/wp-content/uploads/headshots/nba/latest/260x190/1641778.png
2544,LeBron James,12/30/1984,39,23,Lakers,Forward,1,West,https://ak-static.cms.nba.com/wp-content/uploads/headshots/nba/latest/260x190/2544.png
1631159,Leonard Miller,11/26/2003,20,33,Timberwolves,Forward,33,West,https://ak-static.cms.nba.com/wp-content/uploads/headshots/nba/latest/260x190/1631159.png
1631311,Lester Quinones,11/16/2000,23,25,Warriors,Guard,Undrafted,West,https://ak-static.cms.nba.com/wp-content/uploads/headshots/nba/latest/260x190/1631311.png
1630322,Lindy Waters III,7/28/1997,26,12,Thunder,Forward,Undrafted,West,https://ak-static.cms.nba.com/wp-content/uploads/headshots/nba/latest/260x190/1630322.png
1629022,Lonnie Walker IV,12/14/1998,25,8,Nets,Guard-Forward,18,East,https://ak-static.cms.nba.com/wp-content/uploads/headshots/nba/latest/260x190/1629022.png
1628366,Lonzo Ball,10/27/1997,26,2,Bulls,Guard,2,East,https://ak-static.cms.nba.com/wp-content/uploads/headshots/nba/latest/260x190/1628366.png
1629652,Luguentz Dort,4/19/1999,24,5,Thunder,Guard,Undrafted,West,https://ak-static.cms.nba.com/wp-content/uploads/headshots/nba/latest/260x190/1629652.png
1629029,Luka Doncic,2/28/1999,24,77,Mavericks,Forward-Guard,3,West,https://ak-static.cms.nba.com/wp-content/uploads/headshots/nba/latest/260x190/1629029.png
1630568,Luka Garza,12/27/1998,25,55,Timberwolves,Center,52,West,https://ak-static.cms.nba.com/wp-content/uploads/headshots/nba/latest/260x190/1630568.png
1629677,Luka Samanic,1/9/2000,24,19,Jazz,Forward,19,West,https://ak-static.cms.nba.com/wp-content/uploads/headshots/nba/latest/260x190/1629677.png
1628379,Luke Kennard,6/24/1996,27,10,Grizzlies,Guard,12,West,https://ak-static.cms.nba.com/wp-content/uploads/headshots/nba/latest/260x190/1628379.png
1628436,Luke Kornet,7/15/1995,28,40,Celtics,Center-Forward,Undrafted,East,https://ak-static.cms.nba.com/wp-content/uploads/headshots/nba/latest/260x190/1628436.png
1630201,Malachi Flynn,5/9/1998,25,18,Pistons,Guard,29,East,https://ak-static.cms.nba.com/wp-content/uploads/headshots/nba/latest/260x190/1630201.png
1631103,Malaki Branham,5/12/2003,20,22,Spurs,Forward,20,West,https://ak-static.cms.nba.com/wp-content/uploads/headshots/nba/latest/260x190/1631103.png
1627763,Malcolm Brogdon,12/11/1992,31,11,Trail Blazers,Guard,36,West,https://ak-static.cms.nba.com/wp-content/uploads/headshots/nba/latest/260x190/1627763.png
1630608,Malcolm Cazalon,8/27/2001,22,20,Pistons,Guard,Undrafted,East,https://ak-static.cms.nba.com/wp-content/uploads/headshots/nba/latest/260x190/1630608.png
1627736,Malik Beasley,11/26/1996,27,5,Bucks,Guard,19,East,https://ak-static.cms.nba.com/wp-content/uploads/headshots/nba/latest/260x190/1627736.png
1628370,Malik Monk,2/4/1998,26,0,Kings,Guard,11,West,https://ak-static.cms.nba.com/wp-content/uploads/headshots/nba/latest/260x190/1628370.png
1629603,Mamadi Diakite,1/21/1997,27,21,Spurs,Forward,Undrafted,West,https://ak-static.cms.nba.com/wp-content/uploads/headshots/nba/latest/260x190/1629603.png
202694,Marcus Morris Sr.,9/2/1989,34,5,Spurs,Forward,14,West,https://ak-static.cms.nba.com/wp-content/uploads/headshots/nba/latest/260x190/202694.png
1631204,Marcus Sasser,9/21/2000,23,25,Pistons,Guard,25,East,https://ak-static.cms.nba.com/wp-content/uploads/headshots/nba/latest/260x190/1631204.png
203935,Marcus Smart,3/6/1994,29,36,Grizzlies,Guard,6,West,https://ak-static.cms.nba.com/wp-content/uploads/headshots/nba/latest/260x190/203935.png
1630699,MarJon Beauchamp,10/12/2000,23,3,Bucks,Forward,24,East,https://ak-static.cms.nba.com/wp-content/uploads/headshots/nba/latest/260x190/1630699.png
1631109,Mark Williams,12/16/2001,22,5,Hornets,Center,15,East,https://ak-static.cms.nba.com/wp-content/uploads/headshots/nba/latest/260x190/1631109.png
1628365,Markelle Fultz,5/29/1998,25,20,Magic,Guard,1,East,https://ak-static.cms.nba.com/wp-content/uploads/headshots/nba/latest/260x190/1628365.png
202693,Markieff Morris,9/2/1989,34,88,Mavericks,Forward,13,West,https://ak-static.cms.nba.com/wp-content/uploads/headshots/nba/latest/260x190/202693.png
1641806,Markquis Nowell,12/25/1999,24,24,Raptors,Guard,Undrafted,East,https://ak-static.cms.nba.com/wp-content/uploads/headshots/nba/latest/260x190/1641806.png
1628963,Marvin Bagley III,3/14/1999,24,35,Wizards,Forward,2,East,https://ak-static.cms.nba.com/wp-content/uploads/headshots/nba/latest/260x190/1628963.png
1630222,Mason Jones,7/21/1998,25,22,Kings,Guard,Undrafted,West,https://ak-static.cms.nba.com/wp-content/uploads/headshots/nba/latest/260x190/1630222.png
203486,Mason Plumlee,3/5/1990,33,44,Clippers,Forward-Center,22,West,https://ak-static.cms.nba.com/wp-content/uploads/headshots/nba/latest/260x190/203486.png
1629680,Matisse Thybulle,3/4/1997,26,4,Trail Blazers,Guard-Forward,20,West,https://ak-static.cms.nba.com/wp-content/uploads/headshots/nba/latest/260x190/1629680.png
1630346,Matt Ryan,4/17/1997,26,37,Pelicans,Forward,Undrafted,West,https://ak-static.cms.nba.com/wp-content/uploads/headshots/nba/latest/260x190/1630346.png
1631108,Max Christie,2/10/2003,21,10,Lakers,Guard,35,West,https://ak-static.cms.nba.com/wp-content/uploads/headshots/nba/latest/260x190/1631108.png
1629622,Max Strus,3/28/1996,27,1,Cavaliers,Guard-Forward,Undrafted,East,https://ak-static.cms.nba.com/wp-content/uploads/headshots/nba/latest/260x190/1629622.png
1628467,Maxi Kleber,1/29/1992,32,42,Mavericks,Forward,Undrafted,West,https://ak-static.cms.nba.com/wp-content/uploads/headshots/nba/latest/260x190/1628467.png
1641721,Maxwell Lewis,7/27/2002,21,21,Lakers,Forward,40,West,https://ak-static.cms.nba.com/wp-content/uploads/headshots/nba/latest/260x190/1641721.png
1630695,Micah Potter,4/6/1998,25,25,Jazz,Center,Undrafted,West,https://ak-static.cms.nba.com/wp-content/uploads/headshots/nba/latest/260x190/1630695.png
1629008,Michael Porter Jr.,6/29/1998,25,1,Nuggets,Forward,14,West,https://ak-static.cms.nba.com/wp-content/uploads/headshots/nba/latest/260x190/1629008.png
1628969,Mikal Bridges,8/30/1996,27,1,Nets,Guard-Forward,10,East,https://ak-static.cms.nba.com/wp-content/uploads/headshots/nba/latest/260x190/1628969.png
201144,Mike Conley,10/11/1987,36,10,Timberwolves,Guard,4,West,https://ak-static.cms.nba.com/wp-content/uploads/headshots/nba/latest/260x190/201144.png
203488,Mike Muscala,7/1/1991,32,41,Pistons,Forward-Center,44,East,https://ak-static.cms.nba.com/wp-content/uploads/headshots/nba/latest/260x190/203488.png
1628970,Miles Bridges,3/21/1998,25,0,Hornets,Forward,12,East,https://ak-static.cms.nba.com/wp-content/uploads/headshots/nba/latest/260x190/1628970.png
1630540,Miles McBride,9/8/2000,23,2,Knicks,Guard,36,East,https://ak-static.cms.nba.com/wp-content/uploads/headshots/nba/latest/260x190/1630540.png
1629011,Mitchell Robinson,4/1/1998,25,23,Knicks,Center-Forward,36,East,https://ak-static.cms.nba.com/wp-content/uploads/headshots/nba/latest/260x190/1629011.png
1628964,Mo Bamba,5/12/1998,25,5,76ers,Center,6,East,https://ak-static.cms.nba.com/wp-content/uploads/headshots/nba/latest/260x190/1628964.png
1628420,Monte Morris,6/27/1995,28,23,Timberwolves,Guard,51,West,https://ak-static.cms.nba.com/wp-content/uploads/headshots/nba/latest/260x190/1628420.png
1629021,Moritz Wagner,4/26/1997,26,21,Magic,Forward-Center,25,East,https://ak-static.cms.nba.com/wp-content/uploads/headshots/nba/latest/260x190/1629021.png
1629650,Moses Brown,10/13/1999,24,10,Trail Blazers,Center,Undrafted,West,https://ak-static.cms.nba.com/wp-content/uploads/headshots/nba/latest/260x190/1629650.png
1630541,Moses Moody,5/31/2002,21,4,Warriors,Guard,14,West,https://ak-static.cms.nba.com/wp-content/uploads/headshots/nba/latest/260x190/1630541.png
1631243,Mouhamed Gueye,11/9/2002,21,18,Hawks,Forward,39,East,https://ak-static.cms.nba.com/wp-content/uploads/headshots/nba/latest/260x190/1631243.png
1631217,Moussa Diabate,1/21/2002,22,25,Clippers,Forward,43,West,https://ak-static.cms.nba.com/wp-content/uploads/headshots/nba/latest/260x190/1631217.png
1626167,Myles Turner,3/24/1996,27,33,Pacers,Center-Forward,11,East,https://ak-static.cms.nba.com/wp-content/uploads/headshots/nba/latest/260x190/1626167.png
1630230,Naji Marshall,1/24/1998,26,8,Pelicans,Forward,Undrafted,West,https://ak-static.cms.nba.com/wp-content/uploads/headshots/nba/latest/260x190/1630230.png
1629642,Nassir Little,2/11/2000,24,25,Suns,Forward-Guard,25,West,https://ak-static.cms.nba.com/wp-content/uploads/headshots/nba/latest/260x190/1629642.png
1630207,Nate Hinton,6/8/1999,24,14,Rockets,Guard-Forward,Undrafted,West,https://ak-static.cms.nba.com/wp-content/uploads/headshots/nba/latest/260x190/1630207.png
1631466,Nate Williams,2/12/1999,25,19,Rockets,Guard,Undrafted,West,https://ak-static.cms.nba.com/wp-content/uploads/headshots/nba/latest/260x190/1631466.png
1641877,Nathan Mensah,4/9/1998,25,31,Hornets,Center,Undrafted,East,https://ak-static.cms.nba.com/wp-content/uploads/headshots/nba/latest/260x190/1641877.png
1629675,Naz Reid,8/26/1999,24,11,Timberwolves,Center-Forward,Undrafted,West,https://ak-static.cms.nba.com/wp-content/uploads/headshots/nba/latest/260x190/1629675.png
1629674,Neemias Queta,7/13/1999,24,88,Celtics,Center,39,East,https://ak-static.cms.nba.com/wp-content/uploads/headshots/nba/latest/260x190/1629674.png
1629651,Nic Claxton,4/17/1999,24,33,Nets,Center,31,East,https://ak-static.cms.nba.com/wp-content/uploads/headshots/nba/latest/260x190/1629651.png
1630208,Nick Richards,11/29/1997,26,4,Hornets,Center,42,East,https://ak-static.cms.nba.com/wp-content/uploads/headshots/nba/latest/260x190/1630208.png
1641733,Nick Smith Jr.,4/18/2004,19,8,Hornets,Guard,27,East,https://ak-static.cms.nba.com/wp-content/uploads/headshots/nba/latest/260x190/1641733.png
1629638,Nickeil Alexander-Walker,9/2/1998,25,9,Timberwolves,Guard,17,West,https://ak-static.cms.nba.com/wp-content/uploads/headshots/nba/latest/260x190/1629638.png
201587,Nicolas Batum,12/14/1988,35,40,76ers,Guard-Forward,25,East,https://ak-static.cms.nba.com/wp-content/uploads/headshots/nba/latest/260x190/201587.png
203999,Nikola Jokic,2/19/1995,29,15,Nuggets,Center,41,West,https://ak-static.cms.nba.com/wp-content/uploads/headshots/nba/latest/260x190/203999.png
1631107,Nikola Jovic,6/9/2003,20,5,Heat,Forward,27,East,https://ak-static.cms.nba.com/wp-content/uploads/headshots/nba/latest/260x190/1631107.png
202696,Nikola Vucevic,10/24/1990,33,9,Bulls,Center,16,East,https://ak-static.cms.nba.com/wp-content/uploads/headshots/nba/latest/260x190/202696.png
1641730,Noah Clowney,7/14/2004,19,21,Nets,Forward,21,East,https://ak-static.cms.nba.com/wp-content/uploads/headshots/nba/latest/260x190/1641730.png
1626181,Norman Powell,5/25/1993,30,24,Clippers,Guard,46,West,https://ak-static.cms.nba.com/wp-content/uploads/headshots/nba/latest/260x190/1626181.png
1630167,Obi Toppin,3/4/1998,25,1,Pacers,Forward,8,East,https://ak-static.cms.nba.com/wp-content/uploads/headshots/nba/latest/260x190/1630167.png
1630534,Ochai Agbaji,4/20/2000,23,30,Raptors,Guard,14,East,https://ak-static.cms.nba.com/wp-content/uploads/headshots/nba/latest/260x190/1630534.png
1628384,OG Anunoby,7/17/1997,26,8,Knicks,Forward-Guard,23,East,https://ak-static.cms.nba.com/wp-content/uploads/headshots/nba/latest/260x190/1628384.png
1630846,Olivier Sarr,2/20/1999,25,30,Thunder,Center,Undrafted,West,https://ak-static.cms.nba.com/wp-content/uploads/headshots/nba/latest/260x190/1630846.png
1641765,Olivier-Maxence Prosper,7/3/2002,21,18,Mavericks,Forward,24,West,https://ak-static.cms.nba.com/wp-content/uploads/headshots/nba/latest/260x190/1641765.png
1630209,Omer Yurtseven,6/19/1998,25,77,Jazz,Center,Undrafted,West,https://ak-static.cms.nba.com/wp-content/uploads/headshots/nba/latest/260x190/1630209.png
1641931,Onuralp Bitim,3/31/1999,24,17,Bulls,Forward,Undrafted,East,https://ak-static.cms.nba.com/wp-content/uploads/headshots/nba/latest/260x190/1641931.png
1630168,Onyeka Okongwu,12/11/2000,23,17,Hawks,Forward-Center,6,East,https://ak-static.cms.nba.com/wp-content/uploads/headshots/nba/latest/260x190/1630168.png
1631115,Orlando Robinson,7/10/2000,23,25,Heat,Center,Undrafted,East,https://ak-static.cms.nba.com/wp-content/uploads/headshots/nba/latest/260x190/1631115.png
1631131,Oscar Tshiebwe,11/27/1999,24,44,Pacers,Forward-Center,Undrafted,East,https://ak-static.cms.nba.com/wp-content/uploads/headshots/nba/latest/260x190/1631131.png
1629052,Oshae Brissett,6/20/1998,25,12,Celtics,Forward-Guard,Undrafted,East,https://ak-static.cms.nba.com/wp-content/uploads/headshots/nba/latest/260x190/1629052.png
203490,Otto Porter Jr.,6/3/1993,30,32,Jazz,Forward,3,West,https://ak-static.cms.nba.com/wp-content/uploads/headshots/nba/latest/260x190/203490.png
1631172,Ousmane Dieng,5/21/2003,20,13,Thunder,Forward,11,West,https://ak-static.cms.nba.com/wp-content/uploads/headshots/nba/latest/260x190/1631172.png
200782,P.J. Tucker,5/5/1985,38,17,Clippers,Forward,35,West,https://ak-static.cms.nba.com/wp-content/uploads/headshots/nba/latest/260x190/200782.png
1629023,P.J. Washington,8/23/1998,25,25,Mavericks,Forward,12,West,https://ak-static.cms.nba.com/wp-content/uploads/headshots/nba/latest/260x190/1629023.png
1631094,Paolo Banchero,11/12/2002,21,5,Magic,Forward,1,East,https://ak-static.cms.nba.com/wp-content/uploads/headshots/nba/latest/260x190/1631094.png
1627783,Pascal Siakam,4/2/1994,29,43,Pacers,Forward,27,East,https://ak-static.cms.nba.com/wp-content/uploads/headshots/nba/latest/260x190/1627783.png
1626192,Pat Connaughton,1/6/1993,31,24,Bucks,Guard,41,East,https://ak-static.cms.nba.com/wp-content/uploads/headshots/nba/latest/260x190/1626192.png
1631116,Patrick Baldwin Jr.,11/18/2002,21,7,Wizards,Forward,28,East,https://ak-static.cms.nba.com/wp-content/uploads/headshots/nba/latest/260x190/1631116.png
201976,Patrick Beverley,7/12/1988,35,21,Bucks,Guard,42,East,https://ak-static.cms.nba.com/wp-content/uploads/headshots/nba/latest/260x190/201976.png
1630172,Patrick Williams,8/26/2001,22,44,Bulls,Forward,4,East,https://ak-static.cms.nba.com/wp-content/uploads/headshots/nba/latest/260x190/1630172.png
201988,Patty Mills,8/11/1988,35,8,Hawks,Guard,55,East,https://ak-static.cms.nba.com/wp-content/uploads/headshots/nba/latest/260x190/201988.png
202331,Paul George,5/2/1990,33,13,Clippers,Forward,10,West,https://ak-static.cms.nba.com/wp-content/uploads/headshots/nba/latest/260x190/202331.png
1630194,Paul Reed,6/14/1999,24,44,76ers,Forward,58,East,https://ak-static.cms.nba.com/wp-content/uploads/headshots/nba/latest/260x190/1630194.png
1630202,Payton Pritchard,1/28/1998,26,11,Celtics,Guard,26,East,https://ak-static.cms.nba.com/wp-content/uploads/headshots/nba/latest/260x190/1630202.png
1631250,Pete Nance,2/19/2000,24,8,Cavaliers,Forward,Undrafted,East,https://ak-static.cms.nba.com/wp-content/uploads/headshots/nba/latest/260x190/1631250.png
1631212,Peyton Watson,9/11/2002,21,8,Nuggets,Guard,30,West,https://ak-static.cms.nba.com/wp-content/uploads/headshots/nba/latest/260x190/1631212.png
1630173,Precious Achiuwa,9/19/1999,24,5,Knicks,Forward,20,East,https://ak-static.cms.nba.com/wp-content/uploads/headshots/nba/latest/260x190/1630173.png
1629656,Quentin Grimes,5/8/2000,23,24,Pistons,Guard,25,East,https://ak-static.cms.nba.com/wp-content/uploads/headshots/nba/latest/260x190/1629656.png
1641712,Rayan Rupert,5/31/2004,19,72,Trail Blazers,Guard-Forward,43,West,https://ak-static.cms.nba.com/wp-content/uploads/headshots/nba/latest/260x190/1641712.png
203493,Reggie Bullock Jr.,3/16/1991,32,25,Rockets,Guard-Forward,25,West,https://ak-static.cms.nba.com/wp-content/uploads/headshots/nba/latest/260x190/203493.png
202704,Reggie Jackson,4/16/1990,33,7,Nuggets,Guard,24,West,https://ak-static.cms.nba.com/wp-content/uploads/headshots/nba/latest/260x190/202704.png
1626158,Richaun Holmes,10/15/1993,30,22,Wizards,Forward,37,East,https://ak-static.cms.nba.com/wp-content/uploads/headshots/nba/latest/260x190/1626158.png
1641741,Ricky Council IV,8/3/2001,22,16,76ers,Guard,Undrafted,East,https://ak-static.cms.nba.com/wp-content/uploads/headshots/nba/latest/260x190/1641741.png
1629628,RJ Barrett,6/14/2000,23,9,Raptors,Forward-Guard,3,East,https://ak-static.cms.nba.com/wp-content/uploads/headshots/nba/latest/260x190/1629628.png
203496,Robert Covington,12/14/1990,33,33,76ers,Forward,Undrafted,East,https://ak-static.cms.nba.com/wp-content/uploads/headshots/nba/latest/260x190/203496.png
1629057,Robert Williams III,10/17/1997,26,35,Trail Blazers,Center-Forward,27,West,https://ak-static.cms.nba.com/wp-content/uploads/headshots/nba/latest/260x190/1629057.png
1626220,Royce O'Neale,6/5/1993,30,00,Suns,Forward,Undrafted,West,https://ak-static.cms.nba.com/wp-content/uploads/headshots/nba/latest/260x190/1626220.png
203497,Rudy Gobert,6/26/1992,31,27,Timberwolves,Center,27,West,https://ak-static.cms.nba.com/wp-content/uploads/headshots/nba/latest/260x190/203497.png
1629060,Rui Hachimura,2/8/1998,26,28,Lakers,Forward,9,West,https://ak-static.cms.nba.com/wp-content/uploads/headshots/nba/latest/260x190/1629060.png
201566,Russell Westbrook,11/12/1988,35,0,Clippers,Guard,4,West,https://ak-static.cms.nba.com/wp-content/uploads/headshots/nba/latest/260x190/201566.png
1630240,Saben Lee,6/23/1999,24,38,Suns,Guard,38,West,https://ak-static.cms.nba.com/wp-content/uploads/headshots/nba/latest/260x190/1630240.png
1630180,Saddiq Bey,4/9/1999,24,41,Hawks,Guard-Forward,19,East,https://ak-static.cms.nba.com/wp-content/uploads/headshots/nba/latest/260x190/1630180.png
1630573,Sam Hauser,12/8/1997,26,30,Celtics,Forward,Undrafted,East,https://ak-static.cms.nba.com/wp-content/uploads/headshots/nba/latest/260x190/1630573.png
1630241,Sam Merrill,5/15/1996,27,5,Cavaliers,Guard,60,East,https://ak-static.cms.nba.com/wp-content/uploads/headshots/nba/latest/260x190/1630241.png
1630572,Sandro Mamukelashvili,5/23/1999,24,54,Spurs,Forward-Center,54,West,https://ak-static.cms.nba.com/wp-content/uploads/headshots/nba/latest/260x190/1630572.png
1630583,Santi Aldama,1/10/2001,23,7,Grizzlies,Forward-Center,30,West,https://ak-static.cms.nba.com/wp-content/uploads/headshots/nba/latest/260x190/1630583.png
1628426,Sasha Vezenkov,8/6/1995,28,7,Kings,Forward,57,West,https://ak-static.cms.nba.com/wp-content/uploads/headshots/nba/latest/260x190/1628426.png
1630703,Scoot Henderson,2/3/2004,20,00,Trail Blazers,Guard,3,West,https://ak-static.cms.nba.com/wp-content/uploads/headshots/nba/latest/260x190/1630703.png
1630567,Scottie Barnes,8/1/2001,22,4,Raptors,Forward-Guard,4,East,https://ak-static.cms.nba.com/wp-content/uploads/headshots/nba/latest/260x190/1630567.png
1630590,Scotty Pippen Jr.,11/10/2000,23,1,Grizzlies,Guard,Undrafted,West,https://ak-static.cms.nba.com/wp-content/uploads/headshots/nba/latest/260x190/1630590.png
203552,Seth Curry,8/23/1990,33,30,Hornets,Guard,Undrafted,East,https://ak-static.cms.nba.com/wp-content/uploads/headshots/nba/latest/260x190/203552.png
1641754,Seth Lundy,4/2/2000,23,3,Hawks,Guard-Forward,46,East,https://ak-static.cms.nba.com/wp-content/uploads/headshots/nba/latest/260x190/1641754.png
1631101,Shaedon Sharpe,5/30/2003,20,17,Trail Blazers,Guard,7,West,https://ak-static.cms.nba.com/wp-content/uploads/headshots/nba/latest/260x190/1631101.png
1628983,Shai Gilgeous-Alexander,7/12/1998,25,2,Thunder,Guard,11,West,https://ak-static.cms.nba.com/wp-content/uploads/headshots/nba/latest/260x190/1628983.png
1629003,Shake Milton,9/26/1996,27,5,Pistons,Guard-Forward,54,East,https://ak-static.cms.nba.com/wp-content/uploads/headshots/nba/latest/260x190/1629003.png
1631321,Sidy Cissoko,4/2/2004,19,25,Spurs,Guard,44,West,https://ak-static.cms.nba.com/wp-content/uploads/headshots/nba/latest/260x190/1631321.png
1631323,Simone Fontecchio,12/9/1995,28,19,Pistons,Forward,Undrafted,East,https://ak-static.cms.nba.com/wp-content/uploads/headshots/nba/latest/260x190/1631323.png
1630219,Skylar Mays,9/5/1997,26,4,Lakers,Guard,50,West,https://ak-static.cms.nba.com/wp-content/uploads/headshots/nba/latest/260x190/1630219.png
203915,Spencer Dinwiddie,4/6/1993,30,26,Lakers,Guard,38,West,https://ak-static.cms.nba.com/wp-content/uploads/headshots/nba/latest/260x190/203915.png
1630649,Stanley Umude,4/12/1999,24,17,Pistons,Guard,Undrafted,East,https://ak-static.cms.nba.com/wp-content/uploads/headshots/nba/latest/260x190/1630649.png
201939,Stephen Curry,3/14/1988,35,30,Warriors,Guard,7,West,https://ak-static.cms.nba.com/wp-content/uploads/headshots/nba/latest/260x190/201939.png
203500,Steven Adams,7/20/1993,30,12,Rockets,Center,12,West,https://ak-static.cms.nba.com/wp-content/uploads/headshots/nba/latest/260x190/203500.png
1629004,Svi Mykhailiuk,6/10/1997,26,50,Celtics,Guard-Forward,47,East,https://ak-static.cms.nba.com/wp-content/uploads/headshots/nba/latest/260x190/1629004.png
204456,T.J. McConnell,3/25/1992,31,9,Pacers,Guard,Undrafted,East,https://ak-static.cms.nba.com/wp-content/uploads/headshots/nba/latest/260x190/204456.png
1629659,Talen Horton-Tucker,11/25/2000,23,5,Jazz,Guard,46,West,https://ak-static.cms.nba.com/wp-content/uploads/headshots/nba/latest/260x190/1629659.png
1631106,Tari Eason,5/10/2001,22,17,Rockets,Forward,17,West,https://ak-static.cms.nba.com/wp-content/uploads/headshots/nba/latest/260x190/1631106.png
1627752,Taurean Prince,3/22/1994,29,12,Lakers,Forward,12,West,https://ak-static.cms.nba.com/wp-content/uploads/headshots/nba/latest/260x190/1627752.png
1641707,Taylor Hendricks,11/22/2003,20,0,Jazz,Forward,9,West,https://ak-static.cms.nba.com/wp-content/uploads/headshots/nba/latest/260x190/1641707.png
1629611,Terance Mann,10/18/1996,27,14,Clippers,Guard-Forward,48,West,https://ak-static.cms.nba.com/wp-content/uploads/headshots/nba/latest/260x190/1629611.png
1631173,Terquavion Smith,12/31/2002,21,23,76ers,Guard,Undrafted,East,https://ak-static.cms.nba.com/wp-content/uploads/headshots/nba/latest/260x190/1631173.png
1626179,Terry Rozier,3/17/1994,29,2,Heat,Guard,16,East,https://ak-static.cms.nba.com/wp-content/uploads/headshots/nba/latest/260x190/1626179.png
1630678,Terry Taylor,9/23/1999,24,32,Bulls,Forward,Undrafted,East,https://ak-static.cms.nba.com/wp-content/uploads/headshots/nba/latest/260x190/1630678.png
203648,Thanasis Antetokounmpo,7/18/1992,31,43,Bucks,Forward,51,East,https://ak-static.cms.nba.com/wp-content/uploads/headshots/nba/latest/260x190/203648.png
1630177,Theo Maledon,6/12/2001,22,9,Suns,Guard,34,West,https://ak-static.cms.nba.com/wp-content/uploads/headshots/nba/latest/260x190/1630177.png
1628418,Thomas Bryant,7/31/1997,26,31,Heat,Center-Forward,42,East,https://ak-static.cms.nba.com/wp-content/uploads/headshots/nba/latest/260x190/1628418.png
203501,Tim Hardaway Jr.,3/16/1992,31,10,Mavericks,Guard-Forward,24,West,https://ak-static.cms.nba.com/wp-content/uploads/headshots/nba/latest/260x190/203501.png
202699,Tobias Harris,7/15/1992,31,12,76ers,Forward,19,East,https://ak-static.cms.nba.com/wp-content/uploads/headshots/nba/latest/260x190/202699.png
1628470,Torrey Craig,12/19/1990,33,13,Bulls,Forward,Undrafted,East,https://ak-static.cms.nba.com/wp-content/uploads/headshots/nba/latest/260x190/1628470.png
1641787,Tosan Evbuomwan,2/16/2001,23,18,Pistons,Forward,Undrafted,East,https://ak-static.cms.nba.com/wp-content/uploads/headshots/nba/latest/260x190/1641787.png
1641739,Toumani Camara,5/8/2000,23,33,Trail Blazers,Forward,52,West,https://ak-static.cms.nba.com/wp-content/uploads/headshots/nba/latest/260x190/1641739.png
1629027,Trae Young,9/19/1998,25,11,Hawks,Guard,5,East,https://ak-static.cms.nba.com/wp-content/uploads/headshots/nba/latest/260x190/1629027.png
1631218,Trayce Jackson-Davis,2/22/2000,23,32,Warriors,Forward,57,West,https://ak-static.cms.nba.com/wp-content/uploads/headshots/nba/latest/260x190/1631218.png
1630200,Tre Jones,1/8/2000,24,33,Spurs,Guard,41,West,https://ak-static.cms.nba.com/wp-content/uploads/headshots/nba/latest/260x190/1630200.png
1630544,Tre Mann,2/3/2001,23,23,Hornets,Guard,18,East,https://ak-static.cms.nba.com/wp-content/uploads/headshots/nba/latest/260x190/1630544.png
1630570,Trendon Watford,11/9/2000,23,9,Nets,Forward,Undrafted,East,https://ak-static.cms.nba.com/wp-content/uploads/headshots/nba/latest/260x190/1630570.png
1630235,Trent Forrest,6/12/1998,25,2,Hawks,Guard,Undrafted,East,https://ak-static.cms.nba.com/wp-content/uploads/headshots/nba/latest/260x190/1630235.png
1630243,Trevelin Queen,2/25/1997,26,12,Magic,Guard,Undrafted,East,https://ak-static.cms.nba.com/wp-content/uploads/headshots/nba/latest/260x190/1630243.png
1641998,Trey Jemison,11/28/1999,24,55,Grizzlies,Center,Undrafted,West,https://ak-static.cms.nba.com/wp-content/uploads/headshots/nba/latest/260x190/1641998.png
1626168,Trey Lyles,11/5/1995,28,41,Kings,Forward,12,West,https://ak-static.cms.nba.com/wp-content/uploads/headshots/nba/latest/260x190/1626168.png
1630530,Trey Murphy III,6/18/2000,23,25,Pelicans,Forward,17,West,https://ak-static.cms.nba.com/wp-content/uploads/headshots/nba/latest/260x190/1630530.png
202684,Tristan Thompson,3/13/1991,32,13,Cavaliers,Center-Forward,4,East,https://ak-static.cms.nba.com/wp-content/uploads/headshots/nba/latest/260x190/202684.png
1628972,Troy Brown Jr.,7/28/1999,24,7,Pistons,Guard-Forward,15,East,https://ak-static.cms.nba.com/wp-content/uploads/headshots/nba/latest/260x190/1628972.png
1629660,Ty Jerome,7/8/1997,26,2,Cavaliers,Guard-Forward,24,East,https://ak-static.cms.nba.com/wp-content/uploads/headshots/nba/latest/260x190/1629660.png
1629639,Tyler Herro,1/20/2000,24,14,Heat,Guard,13,East,https://ak-static.cms.nba.com/wp-content/uploads/headshots/nba/latest/260x190/1629639.png
1630169,Tyrese Haliburton,2/29/2000,23,0,Pacers,Guard,12,East,https://ak-static.cms.nba.com/wp-content/uploads/headshots/nba/latest/260x190/1630169.png
1630178,Tyrese Maxey,11/4/2000,23,0,76ers,Guard,21,East,https://ak-static.cms.nba.com/wp-content/uploads/headshots/nba/latest/260x190/1630178.png
1631102,TyTy Washington Jr.,11/15/2001,22,23,Bucks,Guard,29,East,https://ak-static.cms.nba.com/wp-content/uploads/headshots/nba/latest/260x190/1631102.png
1626145,Tyus Jones,5/10/1996,27,5,Wizards,Guard,24,East,https://ak-static.cms.nba.com/wp-content/uploads/headshots/nba/latest/260x190/1626145.png
1628962,Udoka Azubuike,9/17/1999,24,27,Suns,Center-Forward,27,West,https://ak-static.cms.nba.com/wp-content/uploads/headshots/nba/latest/260x190/1628962.png
1630586,Usman Garuba,3/9/2002,21,12,Warriors,Forward,23,West,https://ak-static.cms.nba.com/wp-content/uploads/headshots/nba/latest/260x190/1630586.png
203995,Vasilije Micic,1/13/1994,30,29,Hornets,Guard,52,East,https://ak-static.cms.nba.com/wp-content/uploads/headshots/nba/latest/260x190/203995.png
1641705,Victor Wembanyama,1/4/2004,20,1,Spurs,Forward-Center,1,West,https://ak-static.cms.nba.com/wp-content/uploads/headshots/nba/latest/260x190/1641705.png
1631246,Vince Williams Jr.,8/30/2000,23,5,Grizzlies,Guard,47,West,https://ak-static.cms.nba.com/wp-content/uploads/headshots/nba/latest/260x190/1631246.png
1630249,Vit Krejci,6/19/2000,23,27,Hawks,Guard,37,East,https://ak-static.cms.nba.com/wp-content/uploads/headshots/nba/latest/260x190/1630249.png
1628427,Vlatko Cancar,4/10/1997,26,31,Nuggets,Forward,49,West,https://ak-static.cms.nba.com/wp-content/uploads/headshots/nba/latest/260x190/1628427.png
1631117,Walker Kessler,7/26/2001,22,24,Jazz,Center,22,West,https://ak-static.cms.nba.com/wp-content/uploads/headshots/nba/latest/260x190/1631117.png
1628976,Wendell Carter Jr.,4/16/1999,24,34,Magic,Center-Forward,7,East,https://ak-static.cms.nba.com/wp-content/uploads/headshots/nba/latest/260x190/1628976.png
1631111,Wendell Moore Jr.,9/18/2001,22,7,Timberwolves,Guard,26,West,https://ak-static.cms.nba.com/wp-content/uploads/headshots/nba/latest/260x190/1631111.png
202083,Wesley Matthews,10/14/1986,37,32,Hawks,Guard,Undrafted,East,https://ak-static.cms.nba.com/wp-content/uploads/headshots/nba/latest/260x190/202083.png
1629875,Xavier Moon,1/2/1995,29,22,Clippers,Guard,Undrafted,West,https://ak-static.cms.nba.com/wp-content/uploads/headshots/nba/latest/260x190/1629875.png
1630214,Xavier Tillman,1/12/1999,25,2,Celtics,Forward,35,East,https://ak-static.cms.nba.com/wp-content/uploads/headshots/nba/latest/260x190/1630214.png
1629139,Yuta Watanabe,10/13/1994,29,18,Grizzlies,Guard-Forward,Undrafted,West,https://ak-static.cms.nba.com/wp-content/uploads/headshots/nba/latest/260x190/1629139.png
1628380,Zach Collins,11/19/1997,26,23,Spurs,Forward-Center,10,West,https://ak-static.cms.nba.com/wp-content/uploads/headshots/nba/latest/260x190/1628380.png
203897,Zach LaVine,3/10/1995,28,8,Bulls,Guard,13,East,https://ak-static.cms.nba.com/wp-content/uploads/headshots/nba/latest/260x190/203897.png
1630192,Zeke Nnaji,1/9/2001,23,22,Nuggets,Forward-Center,22,West,https://ak-static.cms.nba.com/wp-content/uploads/headshots/nba/latest/260x190/1630192.png
1629015,Zhaire Smith,6/4/1999,24,19,76ers,Guard,16,East,https://ak-static.cms.nba.com/wp-content/uploads/headshots/nba/latest/260x190/1629015.png
1630533,Ziaire Williams,9/12/2001,22,8,Grizzlies,Forward,10,West,https://ak-static.cms.nba.com/wp-content/uploads/headshots/nba/latest/260x190/1630533.png
1629627,Zion Williamson,7/6/2000,23,1,Pelicans,Forward,1,West,https://ak-static.cms.nba.com/wp-content/uploads/headshots/nba/latest/260x190/1629627.png
